"","category","subcategory","ID","Description","GeneRatio","BgRatio","pvalue","p.adjust","qvalue","geneID","Count"
"hsa04724","Organismal Systems","Nervous system","hsa04724","Glutamatergic synapse","37/801","116/8541",8.51993401837228e-12,2.89677756624657e-09,2.20621449317851e-09,"5567/2786/109/3760/3708/2917/776/5530/9456/2890/2911/2792/2918/114/6505/116443/57084/22941/2915/2900/775/2904/54331/255189/115/2903/5338/5578/9229/2788/773/6511/2906/50944/23236/5332/5594",37
"hsa04713","Organismal Systems","Environmental adaptation","hsa04713","Circadian entrainment","29/801","97/8541",8.37311371394288e-09,1.42342933137029e-06,1.08409788085787e-06,"5567/9722/2786/6262/109/3760/3708/776/5593/817/2890/2792/114/5592/775/2904/54331/6263/8912/115/2903/5578/2788/2906/23236/5332/3763/5594/8911",29
"hsa04020","Environmental Information Processing","Signal transduction","hsa04020","Calcium signaling pathway","51/801","254/8541",1.00987170222088e-07,1.14452126251699e-05,8.71678732443282e-06,"5567/777/6262/1131/109/6546/3973/6869/2066/3708/776/185/3791/5530/817/814/3360/7422/2911/5137/1956/148/444/114/9630/116443/57118/51196/2263/2915/80310/775/2904/89869/5027/6263/8912/115/2903/5336/5023/489/5578/4772/773/2906/146/23236/5332/4773/8911",51
"hsa04360","Organismal Systems","Development and regeneration","hsa04360","Axon guidance","40/801","184/8541",2.84352432356781e-07,2.41699567503264e-05,1.84080785157284e-05,"5590/110117499/22854/151449/9901/7474/6092/6091/285220/2932/2047/84448/9353/2044/8633/5530/817/5921/57556/22885/6586/9723/10371/2050/91584/10507/8829/56288/7225/81029/57522/10154/54434/80031/5336/9423/5578/4773/655/5594",40
"hsa05032","Human Diseases","Substance dependence","hsa05032","Morphine addiction","25/801","91/8541",5.43320662754138e-07,3.69458050672814e-05,2.81382911657932e-05,"5142/5567/2786/109/3760/50940/5144/8622/10846/5137/2792/5150/114/9568/5138/5139/54331/2562/2558/2567/115/5578/2788/773/3763",25
"hsa04512","Environmental Information Processing","Signaling molecules and interaction","hsa04512","ECM-receptor interaction","24/801","89/8541",1.32191731735672e-06,7.49086479835477e-05,5.70511684332902e-05,"63923/7143/1285/3680/256076/131873/80144/3381/255743/3672/22987/3908/948/1278/5649/22798/158326/10319/7450/1280/1282/1284/22801/284217",24
"hsa04510","Cellular Processes","Cellular community - eukaryotes","hsa04510","Focal adhesion","41/801","203/8541",1.57269777916522e-06,7.63881778451677e-05,5.8177993033781e-05,"110117499/5906/63923/7143/1285/3680/2932/256076/131873/3791/5602/3381/3672/896/7422/3908/1956/1278/5649/22798/858/53358/10319/7410/1793/80310/7450/1280/1282/1284/399694/83660/22801/5578/71/284217/596/25759/7408/5594/29780",41
"hsa05412","Human Diseases","Cardiovascular disease","hsa05412","Arrhythmogenic right ventricular cardiomyopathy","23/801","86/8541",2.56139860299665e-06,0.000108859440627358,8.2908428465418e-05,"6262/6546/1496/3680/776/55799/3672/6444/3908/8910/137868/783/29119/6934/93589/775/22801/489/786/71/284217/1000/1824",23
"hsa04725","Organismal Systems","Nervous system","hsa04725","Cholinergic synapse","27/801","116/8541",6.44040838422141e-06,0.000243304316737253,0.000185302978072335,"110117499/5567/2786/1131/109/3760/3708/776/817/814/2792/114/3786/1103/3784/775/54331/1143/115/5578/596/2788/773/23236/5332/3763/5594",27
"hsa04720","Organismal Systems","Nervous system","hsa04720","Long-term potentiation","19/801","67/8541",7.49709509068306e-06,0.000254901233083224,0.000194135304453477,"5567/5906/3708/5530/817/814/2890/2911/114/2915/775/2904/1387/2903/5578/2906/23236/5332/5594",19
"hsa04926","Organismal Systems","Endocrine system","hsa04926","Relaxin signaling pathway","27/801","130/8541",5.70990376559979e-05,0.00176487934573085,0.00134414959458139,"5590/110117499/5567/2786/109/1285/7048/5602/4790/7422/1956/2792/1278/114/53358/1282/1284/54331/399694/115/4313/5578/25759/2788/23236/5332/5594",27
"hsa05165","Human Diseases","Infectious disease: viral","hsa05165","Human papillomavirus infection","53/801","333/8541",7.58725572420746e-05,0.00204156617065679,0.00155487702161477,"5590/110117499/5567/63923/7143/245973/90423/1285/7476/3680/7474/9223/2932/256076/131873/5523/1739/3516/3381/4790/55534/836/7015/3672/5521/8992/896/7422/3908/1956/1021/1278/5649/22798/10319/56288/6934/7481/1740/81029/7450/1280/1282/1284/5527/7187/22801/1387/9368/284217/4600/529/5594",53
"hsa05414","Human Diseases","Cardiovascular disease","hsa05414","Dilated cardiomyopathy","23/801","105/8541",8.49132719059562e-05,0.00204156617065679,0.00155487702161477,"5567/6262/109/6546/3680/776/55799/3672/6444/3908/8910/137868/114/783/93589/775/7168/22801/115/489/786/71/284217",23
"hsa04921","Organismal Systems","Endocrine system","hsa04921","Oxytocin signaling pathway","30/801","155/8541",9.00690957642703e-05,0.00204156617065679,0.00155487702161477,"5567/6262/109/3760/3708/776/55799/5530/817/814/1956/51422/114/57118/783/93589/775/6263/255189/5607/115/5578/786/71/4772/23236/5332/4773/3763/5594",30
"hsa04934","Human Diseases","Endocrine and metabolic disease","hsa04934","Cushing syndrome","30/801","155/8541",9.00690957642703e-05,0.00204156617065679,0.00155487702161477,"5567/5906/405/5087/109/50940/3708/7476/776/7474/2932/185/57552/817/8622/1871/1956/1021/114/6934/7481/81029/775/949/8912/115/23236/5332/5594/8911",30
"hsa04911","Organismal Systems","Endocrine system","hsa04911","Insulin secretion","20/801","86/8541",0.000101423712904113,0.00211838742330266,0.00161338484870729,"5567/3782/6262/1131/109/776/10242/817/3781/2645/114/3778/3767/775/115/5578/5864/23236/5332/6616",20
"hsa04723","Organismal Systems","Nervous system","hsa04723","Retrograde endocannabinoid signaling","29/801","149/8541",0.000105919371165133,0.00211838742330266,0.00161338484870729,"5567/2786/109/3760/4705/3708/776/5602/2890/2911/221955/2792/114/57084/2915/775/55967/54331/2562/2558/2567/115/5578/2788/773/23236/5332/3763/5594",29
"hsa04933","Human Diseases","Endocrine and metabolic disease","hsa04933","AGE-RAGE signaling pathway in diabetic complications","22/801","101/8541",0.00013133827184629,0.00248083402376326,0.00188942777042031,"5590/110117499/1285/7048/185/5602/4790/836/7422/1278/51196/1282/1284/4313/5336/6774/5578/596/4772/23236/5332/5594",22
"hsa04728","Organismal Systems","Nervous system","hsa04728","Dopaminergic synapse","26/801","132/8541",0.000194371326361936,0.00347822373489781,0.00264904965568068,"5567/2786/3760/6323/3708/776/2932/5523/5602/5530/817/5521/2890/2792/406/775/2904/54331/5527/2903/5578/2788/773/23236/5332/3763",26
"hsa04927","Organismal Systems","Endocrine system","hsa04927","Cortisol synthesis and secretion","16/801","65/8541",0.000245797648526807,0.00394810006167863,0.00300691212127846,"5567/5087/109/3708/776/185/57552/8622/114/775/949/8912/115/23236/5332/8911",16
"hsa04929","Organismal Systems","Endocrine system","hsa04929","GnRH secretion","16/801","65/8541",0.000245797648526807,0.00394810006167863,0.00300691212127846,"110117499/3782/3760/3708/776/3781/9568/3767/775/8912/5578/23236/5332/3763/5594/8911",16
"hsa04024","Environmental Information Processing","Signal transduction","hsa04024","cAMP signaling pathway","38/801","226/8541",0.000255465298108617,0.00394810006167863,0.00300691212127846,"110117499/5142/5567/5906/6262/109/3973/1261/776/3355/56670/5602/4790/817/5144/814/3360/2890/10846/2737/114/9568/116443/7410/51196/775/2904/5139/1387/115/2903/1258/489/5338/4772/2906/7074/5594",38
"hsa04390","Environmental Information Processing","Signal transduction","hsa04390","Hippo signaling pathway","29/801","157/8541",0.000273007118366697,0.00403575740194247,0.00307367282005526,"5590/7161/23418/151449/1496/7476/7048/7474/2932/25937/1739/92597/4086/5521/23286/896/653/6788/56288/29119/6934/7003/7481/1740/10413/81029/122786/71/655",29
"hsa01521","Human Diseases","Drug resistance: antineoplastic","hsa01521","EGFR tyrosine kinase inhibitor resistance","18/801","80/8541",0.000344925503246924,0.00488644462933142,0.00372156464029576,"110117499/2932/3791/2549/7422/1956/3084/53358/2263/80310/2621/399694/5336/6774/5578/596/25759/5594",18
"hsa05410","Human Diseases","Cardiovascular disease","hsa05410","Hypertrophic cardiomyopathy","20/801","99/8541",0.000737708523258496,0.0100328359163155,0.00764110723038274,"6262/6546/3680/776/55799/3672/6444/3908/8910/51422/137868/783/93589/775/7168/22801/489/786/71/284217",20
"hsa05017","Human Diseases","Neurodegenerative disease","hsa05017","Spinocerebellar ataxia","26/801","144/8541",0.000794715612531789,0.010392434933108,0.00791498140416276,"110117499/1600/115209/3708/3516/5602/2890/6310/2911/7979/5649/9821/116443/2904/2259/6095/2903/489/5717/5691/5578/773/6511/2906/23236/5332",26
"hsa04726","Organismal Systems","Nervous system","hsa04726","Serotonergic synapse","22/801","115/8541",0.00089063702765332,0.0112154292371159,0.00854178201959909,"5567/2786/3760/3708/776/3355/836/3781/3360/2792/775/54331/2562/255189/5578/2788/773/23236/5332/351/3763/5594",22
"hsa04392","Environmental Information Processing","Signal transduction","hsa04392","Hippo signaling pathway - multiple species","9/801","29/8541",0.000957163808786979,0.0115170372760089,0.00877148969008728,"25937/92597/54798/23286/6788/7003/10413/122786/9770",9
"hsa04261","Organismal Systems","Circulatory system","hsa04261","Adrenergic signaling in cardiomyocytes","27/801","154/8541",0.0010126409935509,0.0115170372760089,0.00877148969008728,"5567/6262/109/6546/776/55799/5523/185/817/5521/148/114/783/3784/93589/775/5527/7168/115/489/5578/786/596/146/23236/5332/5594",27
"hsa04930","Human Diseases","Endocrine and metabolic disease","hsa04930","Type II diabetes mellitus","12/801","47/8541",0.00101620917141255,0.0115170372760089,0.00877148969008728,"5590/110117499/777/776/5602/2645/80201/3767/775/3643/773/5594",12
"hsa05205","Human Diseases","Cancer: overview","hsa05205","Proteoglycans in cancer","33/801","204/8541",0.00126584879357534,0.0138835028972779,0.0105738133521064,"110117499/5567/2066/2817/3708/7476/7474/3791/287/817/2549/7097/836/29102/7422/2099/1956/1278/858/6383/7410/288/51196/60495/7481/81029/4313/5336/6774/5578/71/7074/5594",33
"hsa04727","Organismal Systems","Nervous system","hsa04727","GABAergic synapse","18/801","89/8541",0.0013162574342569,0.0139852352389796,0.010651293711421,"5567/2786/109/2571/776/2792/114/9568/775/54331/2562/2558/2567/115/5578/2788/773/3763",18
"hsa04022","Environmental Information Processing","Signal transduction","hsa04022","cGMP-PKG signaling pathway","28/801","166/8541",0.00151965720946325,0.0154376798524078,0.0117574899185521,"109/6546/3708/776/185/10242/3827/5593/5530/148/114/5592/3778/5138/7225/775/5139/115/1258/489/4772/3643/7408/146/23236/5332/4773/5594",28
"hsa04971","Organismal Systems","Digestive system","hsa04971","Gastric acid secretion","16/801","76/8541",0.00154376798524078,0.0154376798524078,0.0117574899185521,"5567/3766/1131/109/3708/817/115111/114/3784/54207/115/5578/71/495/23236/5332",16
"hsa04925","Organismal Systems","Endocrine system","hsa04925","Aldosterone synthesis and secretion","19/801","98/8541",0.00165568152202075,0.016083763356773,0.0122495535163039,"5567/109/3708/776/185/817/814/221955/114/57118/5138/775/949/8912/115/5578/23236/5332/8911",19
"hsa04750","Organismal Systems","Sensory system","hsa04750","Inflammatory mediator regulation of TRP channels","19/801","99/8541",0.00187370010922679,0.0176960565871419,0.0134774920137366,"110117499/5567/109/3708/3827/5602/817/51802/114/5588/5583/255189/115/5336/162514/40/5578/23236/5332",19
"hsa05110","Human Diseases","Infectious disease: bacterial","hsa05110","Vibrio cholerae infection","12/801","51/8541",0.002177823685749,0.0200124338690449,0.0152416679002633,"5567/245973/109/90423/8992/9414/3784/115/5336/5578/71/529",12
"hsa04659","Organismal Systems","Immune system","hsa04659","Th17 cell differentiation","20/801","109/8541",0.00252357665641587,0.0225793700837209,0.0171966719523076,"149233/6097/6258/919/7048/5602/5530/4790/3122/3119/3112/3111/5588/6095/6774/4772/4773/861/5594/3560",20
"hsa04072","Environmental Information Processing","Signal transduction","hsa04072","Phospholipase D signaling pathway","25/801","149/8541",0.00285655445205427,0.0249032952230372,0.0189665963618178,"110117499/109/2917/185/2549/2911/9265/1607/1956/2918/114/53358/2915/80310/255189/399694/115/5336/5338/5578/25759/3643/23236/5332/5594",25
"hsa05146","Human Diseases","Infectious disease: parasitic","hsa05146","Amoebiasis","19/801","103/8541",0.00300388251052412,0.025533001339455,0.0194461867786561,"110117499/5567/1285/7879/4790/7097/836/5272/3908/1278/22798/9630/10319/1282/1284/5578/284217/23236/5332",19
"hsa04310","Environmental Information Processing","Signal transduction","hsa04310","Wnt signaling pathway","28/801","174/8541",0.0030934066799419,0.0256526407604938,0.0195373053470015,"5567/7476/7474/166336/2932/5602/5530/27123/817/1501/4163/896/6424/7088/4920/6934/1488/7481/81029/144165/440193/1387/6477/5578/4772/23236/5332/4773",28
"hsa04151","Environmental Information Processing","Signal transduction","hsa04151","PI3K-Akt signaling pathway","50/801","362/8541",0.00318126806370732,0.0257531224204879,0.0196138331747369,"110117499/63923/7143/2786/2066/1285/3680/9223/2932/256076/131873/5523/3791/3381/4790/7097/3672/5521/896/7422/3908/1956/9863/1021/2792/1278/5649/22798/285/10319/118788/2263/80310/7450/1280/1282/1284/54331/5527/22801/92579/5578/57521/284217/23239/596/2788/3643/5594/3560",50
"hsa00230","Metabolism","Nucleotide metabolism","hsa00230","Purine metabolism","22/801","128/8541",0.00368241438667731,0.0291167649179136,0.0221756166247887,"5236/205/5142/55821/109/50940/2272/5144/8622/5145/10846/5137/5150/114/9615/5138/5139/115/955/2618/5152/51816",22
"hsa05033","Human Diseases","Substance dependence","hsa05033","Nicotine addiction","10/801","41/8541",0.00377963762531279,0.0292062907410533,0.0222438003786351,"2890/116443/57084/2904/2562/2558/2567/2903/773/2906",10
"hsa04919","Organismal Systems","Endocrine system","hsa04919","Thyroid hormone signaling pathway","21/801","122/8541",0.00440937935654781,0.0325910648092664,0.0248216778423515,"110117499/5567/6258/5208/7068/2932/2099/90390/51196/89869/53919/5213/9882/1387/5336/489/5578/71/23236/5332/5594",21
"hsa04935","Organismal Systems","Endocrine system","hsa04935","Growth hormone synthesis, secretion and action","21/801","122/8541",0.00440937935654781,0.0325910648092664,0.0248216778423515,"110117499/5567/109/3708/776/2932/5602/112609/114/53358/775/399694/1387/115/5336/6774/5578/25759/23236/5332/5594",21
"hsa04014","Environmental Information Processing","Signal transduction","hsa04014","Ras signaling pathway","35/801","238/8541",0.00472773362416212,0.034200626217343,0.0260475357568619,"110117499/5567/5906/23179/2786/3791/5602/4790/2549/5924/5921/7422/1956/2792/285/53358/51196/2263/80310/2113/2904/283455/54331/255189/399694/2903/5336/5338/8844/5578/25759/2788/3643/7074/5594",35
"hsa04912","Organismal Systems","Endocrine system","hsa04912","GnRH signaling pathway","17/801","93/8541",0.0053474784449948,0.0371049524754741,0.0282594994085654,"5567/109/3708/776/5602/817/1956/114/775/255189/115/4313/5338/5578/23236/5332/5594",17
"hsa05222","Human Diseases","Cancer: specific types","hsa05222","Small cell lung cancer","17/801","93/8541",0.0053474784449948,0.0371049524754741,0.0282594994085654,"110117499/6258/1285/5915/2272/4790/836/1871/3908/1021/22798/10319/1282/1284/7187/284217/596",17
"hsa04917","Organismal Systems","Endocrine system","hsa04917","Prolactin signaling pathway","14/801","71/8541",0.00553730277598555,0.0376536588767017,0.0286773996398409,"110117499/3973/2932/5602/4790/2099/2645/53358/8600/399694/6774/8792/25759/5594",14
"hsa04742","Organismal Systems","Sensory system","hsa04742","Taste transduction","16/801","86/8541",0.00568878640188406,0.037925242679227,0.0288842405544577,"5567/1131/6328/3355/50834/2911/5137/114/9568/9033/775/2558/40/773/23236/5332",16
"hsa04066","Environmental Information Processing","Signal transduction","hsa04066","HIF-1 signaling pathway","19/801","110/8541",0.00633093738698294,0.040744691444665,0.0310315606668346,"110117499/405/4790/817/7422/1956/285/5209/80201/3945/5213/112399/1387/5336/6774/5578/596/3643/5594",19
"hsa04611","Organismal Systems","Immune system","hsa04611","Platelet activation","21/801","126/8541",0.00645724235608247,0.040744691444665,0.0310315606668346,"5590/110117499/5567/5906/109/3708/5593/1278/114/5592/7450/255189/83660/115/5336/5023/71/7408/23236/5332/5594",21
"hsa04940","Human Diseases","Endocrine and metabolic disease","hsa04940","Type I diabetes mellitus","10/801","44/8541",0.00647121570003502,0.040744691444665,0.0310315606668346,"2571/5798/942/1363/3122/3119/3112/3111/3382/5799",10
"hsa04974","Organismal Systems","Digestive system","hsa04974","Protein digestion and absorption","18/801","105/8541",0.00838629859000347,0.0518425731018396,0.0394838172849924,"6546/1285/256076/131873/1359/91522/81578/1310/340267/2006/1278/169044/6505/1305/3784/1280/1282/1284",18
"hsa04730","Organismal Systems","Nervous system","hsa04730","Long-term depression","12/801","60/8541",0.00879128116749966,0.0533756356598194,0.0406514129173856,"3708/5593/2895/2890/2911/5592/255189/5578/773/23236/5332/5594",12
"hsa04152","Environmental Information Processing","Signal transduction","hsa04152","AMPK signaling pathway","20/801","122/8541",0.00929137757491371,0.0554222522012396,0.0422101363514085,"110117499/5208/5468/5523/10891/79966/5521/948/51422/148/5209/5213/32/81617/5527/92579/57521/3643/1994/3172",20
"hsa04820",NA,NA,"hsa04820","Cytoskeleton in muscle cells","33/801","232/8541",0.00981367786445054,0.057528456446779,0.0438142423712311,"127294/56776/6711/2274/129446/1285/3680/256076/131873/287/171024/3672/4001/6444/3908/2006/1278/8910/137868/6383/288/9124/8048/1282/1284/83660/7168/22801/71/284217/1824/57731/2192",33
"hsa00532","Metabolism","Glycan biosynthesis and metabolism","hsa00532","Glycosaminoglycan biosynthesis - chondroitin sulfate / dermatan sulfate","6/801","21/8541",0.0105948867147605,0.0610552793731963,0.0465003056526511,"29940/10090/55790/9469/50515/64131",6
"hsa04540","Cellular Processes","Cellular community - eukaryotes","hsa04540","Gap junction","16/801","92/8541",0.0109410877678158,0.0619994973509563,0.0472194314189946,"5567/109/3708/5593/2911/1956/114/5592/2915/80310/5607/115/5578/23236/5332/5594",16
"hsa04514","Environmental Information Processing","Signaling molecules and interaction","hsa04514","Cell adhesion molecules","24/801","158/8541",0.0119644122613661,0.0666868880141717,0.0507893945866447,"22854/6402/9378/3680/25945/201633/942/3122/3119/3112/3111/4897/26047/6383/5789/23705/1272/9369/1003/1000/5802/1002/4685/23562",24
"hsa04270","Organismal Systems","Circulatory system","hsa04270","Vascular smooth muscle contraction","21/801","134/8541",0.0128856719999537,0.0706633625803913,0.0538179170116912,"5567/109/3708/776/185/10242/800/148/114/5588/5592/3778/775/5583/255189/115/5578/146/23236/5332/5594",21
"hsa04012","Environmental Information Processing","Signal transduction","hsa04012","ErbB signaling pathway","15/801","86/8541",0.0131502048508932,0.0709693595127571,0.0540509673069295,"110117499/2066/2932/5602/817/2549/1956/3084/53358/10718/399694/5336/5578/25759/5594",15
"hsa04015","Environmental Information Processing","Signal transduction","hsa04015","Rap1 signaling pathway","30/801","212/8541",0.0143360854034334,0.0761604537057397,0.0580045560731021,"5590/5909/110117499/5906/109/9223/3791/7422/1956/9863/9732/285/114/7410/56288/51196/2263/80310/2904/83660/115/2903/5578/71/3643/7408/23236/5332/7074/5594",30
"hsa05225","Human Diseases","Cancer: specific types","hsa05225","Hepatocellular carcinoma","25/801","170/8541",0.0154256157919748,0.0806878364503298,0.0614526556247094,"110117499/7476/7048/7474/2932/114112/4258/2549/7015/1871/2940/57492/1956/1021/53358/6934/7481/81029/4257/399694/5336/5578/71/25759/5594",25
"hsa05223","Human Diseases","Cancer: specific types","hsa05223","Non-small cell lung cancer","13/801","73/8541",0.0171244469250175,0.0882168477955445,0.0671868252560494,"110117499/6258/238/27436/5915/2272/1871/1956/1021/5336/6774/5578/5594",13
"hsa04970","Organismal Systems","Digestive system","hsa04970","Salivary secretion","16/801","97/8541",0.0177495751461707,0.0900724708910155,0.0686000861894422,"5567/1131/109/3708/5593/148/114/5592/3778/6263/115/5578/146/23236/5332/1469",16
"hsa04071","Environmental Information Processing","Signal transduction","hsa04071","Sphingolipid signaling pathway","19/801","122/8541",0.018550360613644,0.0927518030682201,0.0706406921200686,"5590/110117499/5523/3827/5602/4790/5521/8879/81537/9517/5527/5338/5578/596/79603/23236/5332/55304/5594",19
"hsa04976","Organismal Systems","Digestive system","hsa04976","Bile secretion","15/801","90/8541",0.0194976290089087,0.0960752733772312,0.073171880033433,"5567/2052/109/57552/200931/7363/9429/3781/114/115072896/10599/6579/949/115/8714",15
"hsa04928","Organismal Systems","Endocrine system","hsa04928","Parathyroid hormone synthesis, secretion and action","18/801","115/8541",0.0205554751060512,0.0998408790865342,0.0760398026479487,"5142/5567/6258/109/3708/10568/5144/1956/114/8600/115/5338/5578/9368/596/23236/5332/5594",18
"hsa04913","Organismal Systems","Endocrine system","hsa04913","Ovarian steroidogenesis","10/801","52/8541",0.0209010765651896,0.100089662424852,0.0762292785031379,"5567/109/3973/114/8644/949/255189/115/3294/3643",10
"hsa05226","Human Diseases","Cancer: specific types","hsa05226","Gastric cancer","22/801","150/8541",0.0227463495830238,0.10741331747539,0.0818070467459628,"110117499/6258/1496/7476/5915/7048/7474/2932/2549/7015/1871/1956/53358/29119/6934/2263/7481/81029/399694/596/25759/5594",22
"hsa05214","Human Diseases","Cancer: specific types","hsa05214","Glioma","13/801","76/8541",0.0233987695433347,0.108980570475805,0.0830006821580437,"110117499/817/814/1871/1956/1021/53358/57118/399694/5336/5578/25759/5594",13
"hsa04916","Organismal Systems","Endocrine system","hsa04916","Melanogenesis","16/801","101/8541",0.0252292654775594,0.110966213506202,0.0845129675619992,"5567/109/7476/7474/2932/817/114/6934/7481/81029/1387/115/5578/23236/5332/5594",16
"hsa04924","Organismal Systems","Endocrine system","hsa04924","Renin secretion","12/801","69/8541",0.0255318065523588,0.110966213506202,0.0845129675619992,"5567/3708/776/185/5593/5530/5137/3778/775/5139/23236/5332",12
"hsa05031","Human Diseases","Substance dependence","hsa05031","Amphetamine addiction","12/801","69/8541",0.0255318065523588,0.110966213506202,0.0845129675619992,"5567/776/5530/817/814/2890/116443/775/2904/2903/5578/2906",12
"hsa04520","Cellular Processes","Cellular community - eukaryotes","hsa04520","Adherens junction","15/801","93/8541",0.0256143501348155,0.110966213506202,0.0845129675619992,"5906/1496/7048/25945/55698/1956/56288/29119/6934/5787/1387/1003/71/3643/5594",15
"hsa04658","Organismal Systems","Immune system","hsa04658","Th1 and Th2 cell differentiation","15/801","93/8541",0.0256143501348155,0.110966213506202,0.0845129675619992,"919/3516/5602/5530/4790/55534/3122/3119/3112/3111/5588/4772/4773/5594/3560",15
"hsa05220","Human Diseases","Cancer: specific types","hsa05220","Chronic myeloid leukemia","13/801","77/8541",0.0258277853965112,0.110966213506202,0.0845129675619992,"110117499/7048/2122/4790/1871/1021/53358/1488/399694/25759/861/5594/613",13
"hsa00640","Metabolism","Carbohydrate metabolism","hsa00640","Propanoate metabolism","7/801","32/8541",0.026109697295577,0.110966213506202,0.0845129675619992,"84693/5096/3945/79611/32/35/8803",7
"hsa05416","Human Diseases","Cardiovascular disease","hsa05416","Viral myocarditis","12/801","70/8541",0.0282868587919443,0.118734962830384,0.0904297240132333,"942/836/6444/3122/3119/3112/3111/3908/8910/137868/71/284217",12
"hsa04977","Organismal Systems","Digestive system","hsa04977","Vitamin digestion and absorption","6/801","26/8541",0.0300844115192247,0.123622375902427,0.0941520262290928,"338/151056/9227/9963/8029/949",6
"hsa05417","Human Diseases","Cardiovascular disease","hsa05417","Lipid and atherosclerosis","29/801","216/8541",0.0301784035291218,0.123622375902427,0.0941520262290928,"110117499/5906/6258/114548/338/3708/5468/2932/8743/5602/5530/4790/817/7097/836/948/8795/19/7410/7187/6774/5578/596/4772/23236/5332/3929/4773/5594",29
"hsa04721","Organismal Systems","Nervous system","hsa04721","Synaptic vesicle cycle","13/801","79/8541",0.0312342103646096,0.126424184809134,0.0962859116503001,"245973/90423/8992/10814/6505/9152/57084/440279/773/6511/5864/6616/529",13
"hsa04915","Organismal Systems","Endocrine system","hsa04915","Estrogen signaling pathway","20/801","139/8541",0.0346287478809859,0.138514991523943,0.105494389829381,"110117499/5567/109/3760/3708/2911/2099/1956/114/53358/9568/399694/115/4313/596/25759/23236/5332/3763/5594",20
"hsa04148","Cellular Processes","Transport and catabolism","hsa04148","Efferocytosis","22/801","157/8541",0.0359778829779544,0.142238142005866,0.108329978122115,"405/5087/5468/7879/10396/817/836/948/286046/114786/19/1793/203859/63982/51761/2621/7301/489/4772/10326/4773/5594",22
"hsa04062","Organismal Systems","Immune system","hsa04062","Chemokine signaling pathway","26/801","193/8541",0.0372239946240423,0.145473082438786,0.110793740804772,"5590/110117499/5567/5906/2786/109/1232/2932/4790/1794/2792/114/53358/7410/56288/54331/399694/115/5336/6774/25759/2788/23236/5332/7074/5594",26
"hsa04922","Organismal Systems","Endocrine system","hsa04922","Glucagon signaling pathway","16/801","107/8541",0.0405645192133421,0.156726551506094,0.119364494335911,"5567/57223/3708/10891/5530/817/2645/51422/3945/5213/32/1387/92579/23236/5332/5834",16
"hsa05321","Human Diseases","Immune disease","hsa05321","Inflammatory bowel disease","11/801","66/8541",0.0417796540164806,0.156856699255551,0.119463616151286,"149233/6097/4790/7097/3122/3119/3112/3111/6095/6774/4772",11
"hsa01522","Human Diseases","Drug resistance: antineoplastic","hsa01522","Endocrine resistance","15/801","99/8541",0.0419665553787066,0.156856699255551,0.119463616151286,"110117499/5567/109/5602/1871/2099/1956/114/53358/399694/115/4313/596/25759/5594",15
"hsa04966","Organismal Systems","Excretory system","hsa04966","Collecting duct acid secretion","6/801","28/8541",0.0419822342125151,0.156856699255551,0.119463616151286,"245973/90423/10723/8992/495/529",6
"hsa04918","Organismal Systems","Endocrine system","hsa04918","Thyroid hormone synthesis","12/801","75/8541",0.0453443306903049,0.167576874290257,0.127628207663787,"5567/7173/109/3708/389434/114/7038/7270/115/5578/23236/5332",12
"hsa04931","Human Diseases","Endocrine and metabolic disease","hsa04931","Insulin resistance","16/801","109/8541",0.0469168245909379,0.17152387484859,0.130634282392425,"5590/110117499/2932/10891/5602/4790/948/51422/5588/32/9882/6774/92579/3643/57761/5834",16
"hsa04010","Environmental Information Processing","Signal transduction","hsa04010","MAPK signaling pathway","37/801","300/8541",0.04984357652264,0.180285276784017,0.137307052906713,"5567/5906/777/84451/2066/7048/776/55799/2122/3791/5602/5530/4790/836/5924/5921/7422/1956/285/6788/783/2263/8986/80310/93589/775/255189/5607/8912/5578/786/4772/3643/773/5536/5594/8911",37
"hsa04370","Environmental Information Processing","Signal transduction","hsa04370","VEGF signaling pathway","10/801","60/8541",0.0508247042360278,0.18189894147631,0.138536035923134,"110117499/3791/5530/7422/255189/5336/5578/25759/4773/5594",10
"hsa00563","Metabolism","Glycan biosynthesis and metabolism","hsa00563","Glycosylphosphatidylinositol (GPI)-anchor biosynthesis","6/801","30/8541",0.0564745781320343,0.200014130884288,0.152332743645619,"93183/5279/54965/80235/9488/23556",6
"hsa04920","Organismal Systems","Endocrine system","hsa04920","Adipocytokine signaling pathway","11/801","70/8541",0.0600719218967439,0.210561375720546,0.160365629805741,"6258/2181/10891/5602/4790/948/51422/5588/32/6774/92579",11
"hsa04371","Environmental Information Processing","Signal transduction","hsa04371","Apelin signaling pathway","19/801","140/8541",0.0636513397509588,0.220831178727816,0.168187213520256,"5567/2786/6262/109/6546/3708/185/10891/814/2792/51422/114/54331/6263/115/2788/23236/5332/5594",19
"hsa05418","Human Diseases","Cardiovascular disease","hsa05418","Fluid shear stress and atherosclerosis","19/801","141/8541",0.067416555897841,0.230915493167311,0.175867527303896,"5590/110117499/92/2817/3791/5602/4790/4258/7422/2940/858/6383/445/4257/5607/4313/1003/71/596",19
"hsa00534","Metabolism","Glycan biosynthesis and metabolism","hsa00534","Glycosaminoglycan biosynthesis - heparan sulfate / heparin","5/801","24/8541",0.0680072230790132,0.230915493167311,0.175867527303896,"9348/266722/64131/9955/9953",5
"hsa05167","Human Diseases","Infectious disease: viral","hsa05167","Kaposi sarcoma-associated herpesvirus infection","25/801","196/8541",0.0691510991859659,0.230915493167311,0.175867527303896,"110117499/2786/3708/1232/2932/942/5602/5530/4790/836/1871/7422/1021/2792/285/6934/54331/7187/1387/5336/6774/4772/2788/4773/5594",25
"hsa04144","Cellular Processes","Transport and catabolism","hsa04144","Endocytosis","31/801","252/8541",0.0699513741100024,0.230915493167311,0.175867527303896,"5590/64744/5867/116987/9922/7048/25978/7879/23527/116984/80230/9265/273/1956/858/137492/23362/6456/56288/9559/8729/2263/2352/116985/58533/4734/5338/79643/23327/30846/3560",31
"hsa05166","Human Diseases","Infectious disease: viral","hsa05166","Human T-cell leukemia virus 1 infection","28/801","224/8541",0.0699538111653913,0.230915493167311,0.175867527303896,"110117499/5567/109/7048/1739/5602/5530/4790/7015/1871/3122/3119/3112/3111/896/8379/114/8829/2113/51434/83660/1387/115/4772/23373/4773/5594/3560",28
"hsa05207","Human Diseases","Cancer: overview","hsa05207","Chemical carcinogenesis - receptor activation","27/801","215/8541",0.0708487062921884,0.231620770570616,0.176404673561522,"110117499/5567/253152/405/6258/2052/109/776/7363/4790/4258/896/7422/2940/2099/1956/114/775/4257/8600/1143/115/6774/5578/596/773/5594",27
"hsa04070","Environmental Information Processing","Signal transduction","hsa04070","Phosphatidylinositol signaling system","14/801","98/8541",0.0725159038654368,0.234813402992843,0.178836214044085,"110117499/3708/55300/8821/1607/9108/51196/89869/3705/5336/9110/5578/23236/5332",14
"hsa04530","Cellular Processes","Cellular community - eukaryotes","hsa04530","Tight junction","22/801","170/8541",0.0744516096515114,0.237393819654267,0.180801484937924,"5590/5567/5906/57530/776/9223/1739/5602/5521/51422/8777/9414/56288/1740/4734/9368/71/23327/7408/7074/861/23562",22
"hsa04211","Organismal Systems","Aging","hsa04211","Longevity regulating pathway","13/801","90/8541",0.0759928158672643,0.237393819654267,0.180801484937924,"110117499/5567/109/5468/10891/4790/814/51422/9821/114/115/57521/3643",13
"hsa05235","Human Diseases","Cancer: overview","hsa05235","PD-L1 expression and PD-1 checkpoint pathway in cancer","13/801","90/8541",0.0759928158672643,0.237393819654267,0.180801484937924,"110117499/919/238/27436/5530/4790/7097/1956/5588/6774/4772/4773/5594",13
"hsa05163","Human Diseases","Infectious disease: viral","hsa05163","Human cytomegalovirus infection","28/801","226/8541",0.0763420238235046,0.237393819654267,0.180801484937924,"110117499/5567/2786/109/3708/1232/2932/5530/4790/836/340061/1871/6891/7422/1956/1021/2792/114/54331/115/6774/5578/4772/2788/23236/5332/4773/5594",28
"hsa00562","Metabolism","Carbohydrate metabolism","hsa00562","Inositol phosphate metabolism","11/801","73/8541",0.0768038828293215,0.237393819654267,0.180801484937924,"55300/8821/9896/9108/51196/89869/3705/5336/9110/23236/5332",11
"hsa05219","Human Diseases","Cancer: specific types","hsa05219","Bladder cancer","7/801","41/8541",0.0843834980859653,0.256328010363009,0.195221952165016,"1871/7422/1956/1612/23604/4313/5594",7
"hsa04081",NA,NA,"hsa04081","Hormone signaling","27/801","219/8541",0.0844374622372264,0.256328010363009,0.195221952165016,"110117499/5567/2786/109/3973/7068/7433/185/5593/4086/3062/2099/2792/148/114/9630/5592/53919/3375/54331/115/6774/2788/3643/146/23236/5332",27
"hsa04910","Organismal Systems","Endocrine system","hsa04910","Insulin signaling pathway","18/801","138/8541",0.0938279689690067,0.281800028187937,0.214621693294837,"5590/110117499/5567/2932/10891/5602/2645/51422/53358/80201/32/399694/92579/57521/25759/3643/5834/5594",18
"hsa04722","Organismal Systems","Nervous system","hsa04722","Neurotrophin signaling pathway","16/801","120/8541",0.0944858918041906,0.281800028187937,0.214621693294837,"7161/110117499/5906/2932/5602/4790/817/2549/814/53358/399694/5607/5336/596/25759/5594",16
"hsa05145","Human Diseases","Infectious disease: parasitic","hsa05145","Toxoplasmosis","15/801","112/8541",0.100082822713589,0.295897041066262,0.225358117963778,"5602/4790/7097/836/3122/3119/3112/3111/3908/22798/10319/6774/284217/596/5594",15
"hsa04150","Environmental Information Processing","Signal transduction","hsa04150","mTOR signaling pathway","20/801","158/8541",0.101869501127235,0.298583020545344,0.22740378654537,"110117499/245973/23175/90423/7476/7474/2932/153129/2887/7481/81029/81617/79726/5578/57521/9663/3643/529/5594/55615",20
"hsa05212","Human Diseases","Cancer: specific types","hsa05212","Pancreatic cancer","11/801","77/8541",0.103270464269528,0.300102203860166,0.228560811608671,"110117499/7048/5602/4790/1871/7422/1956/1021/5338/6774/5594",11
"hsa04660","Organismal Systems","Immune system","hsa04660","T cell receptor signaling pathway","16/801","122/8541",0.105565554945456,0.301982406195048,0.229992792334309,"110117499/919/2932/5523/1739/5602/5530/4790/5521/7410/5588/5527/4772/4773/5594/9402",16
"hsa05323","Human Diseases","Immune disease","hsa05323","Rheumatoid arthritis","13/801","95/8541",0.105693842168267,0.301982406195048,0.229992792334309,"245973/90423/942/7097/8992/3122/3119/3112/3111/7422/8600/8792/529",13
"hsa04145","Cellular Processes","Transport and catabolism","hsa04145","Phagosome","20/801","159/8541",0.106824637982759,0.302669807617816,0.230516324068058,"245973/90423/7879/53407/7097/8992/3122/3119/3112/6891/3111/948/1780/4481/79659/949/1778/71/81035/529",20
"hsa05100","Human Diseases","Infectious disease: bacterial","hsa05100","Bacterial invasion of epithelial cells","11/801","78/8541",0.110631150525815,0.310864389907248,0.236757399124406,"110117499/1496/55752/2549/858/53358/29119/1793/399694/71/25759",11
"hsa04260","Organismal Systems","Circulatory system","hsa04260","Cardiac muscle contraction","12/801","87/8541",0.111824716955759,0.311642653811131,0.237350132623958,"6262/6546/9167/776/55799/444/783/93589/775/7168/489/786",12
"hsa04962","Organismal Systems","Excretory system","hsa04962","Vasopressin-regulated water reabsorption","7/801","44/8541",0.113303134894087,0.313195657430809,0.238532915566498,"5567/109/1780/79659/8655/1778/115",7
"hsa05211","Human Diseases","Cancer: specific types","hsa05211","Renal cell carcinoma","10/801","70/8541",0.116657504846336,0.319867351998017,0.243614144246168,"110117499/5906/405/2549/7422/2113/112399/9915/1387/5594",10
"hsa04972","Organismal Systems","Digestive system","hsa04972","Pancreatic secretion","14/801","106/8541",0.118989232563333,0.323650712572265,0.246495589141725,"5906/6262/1131/109/3708/1359/114/3778/3784/115/489/5578/23236/5332",14
"hsa04380","Organismal Systems","Development and regeneration","hsa04380","Osteoclast differentiation","18/801","143/8541",0.120631767294724,0.325514292700049,0.247914910229758,"110117499/2274/3708/5468/7048/5602/5530/4790/814/8600/5336/489/8792/4772/11006/10326/4773/5594",18
"hsa05120","Human Diseases","Infectious disease: bacterial","hsa05120","Epithelial cell signaling in Helicobacter pylori infection","10/801","71/8541",0.125067630754262,0.334826728003536,0.255007353216315,"245973/90423/5602/4790/836/8992/10392/1956/5336/529",10
"hsa05164","Human Diseases","Infectious disease: viral","hsa05164","Influenza A","21/801","173/8541",0.13133709467127,0.348864157720562,0.265698398759313,"110117499/114548/8743/4790/836/3122/3119/3112/3111/896/1021/8795/90865/5611/7187/1387/5578/71/4600/7113/5594",21
"hsa04960","Organismal Systems","Excretory system","hsa04960","Aldosterone-regulated sodium reabsorption","6/801","38/8541",0.140584554935702,0.370532935489448,0.282201554583295,"110117499/4306/5578/23327/3643/5594",6
"hsa04662","Organismal Systems","Immune system","hsa04662","B cell receptor signaling pathway","12/801","91/8541",0.142453221197207,0.372569963131156,0.283752975016298,"110117499/2932/5530/55024/4790/7410/118788/5336/4772/11006/4773/5594",12
"hsa01523","Human Diseases","Drug resistance: antineoplastic","hsa01523","Antifolate resistance","5/801","30/8541",0.144603726777907,0.37530738247701,0.285837820710045,"9429/4790/2352/8714/2618",5
"hsa05022","Human Diseases","Neurodegenerative disease","hsa05022","Pathways of neurodegeneration - multiple diseases","52/801","483/8541",0.159282759003593,0.407157249148423,0.310094994707468,"11315/6262/1131/9167/4705/3708/7476/776/7474/25978/2932/3064/5602/5530/4790/27123/817/836/2890/6310/1769/9896/2911/5071/8701/3092/7979/9821/823/7481/2915/81029/775/2904/55967/6263/10131/2903/55567/489/1770/5717/5691/5578/8632/596/2906/23236/5332/351/7332/5594",52
"hsa04981",NA,NA,"hsa04981","Folate transport and metabolism","5/801","31/8541",0.15996656902285,0.407157249148423,0.310094994707468,"9429/2352/115072896/10599/8714",5
"hsa00604","Metabolism","Glycan biosynthesis and metabolism","hsa00604","Glycosphingolipid biosynthesis - ganglio series","3/801","15/8541",0.16046785701732,0.407157249148423,0.310094994707468,"81849/8869/9197",3
"hsa04614","Organismal Systems","Endocrine system","hsa04614","Renin-angiotensin system","4/801","23/8541",0.163604975235306,0.412042159851882,0.313815391094622,"185/1359/2028/57486",4
"hsa00052","Metabolism","Carbohydrate metabolism","hsa00052","Galactose metabolism","5/801","32/8541",0.17595550542622,0.439888763565551,0.335023640362618,"5236/2645/80201/5213/92579",5
"hsa05131","Human Diseases","Infectious disease: bacterial","hsa05131","Shigellosis","28/801","250/8541",0.184300556774612,0.45498075955139,0.346517854023659,"110117499/114548/3708/2932/55752/5602/4790/340061/9265/10392/989/1956/5588/80201/51196/1793/823/89869/83660/5336/57521/71/596/23236/5332/7307/102724594/5594",28
"hsa04923","Organismal Systems","Endocrine system","hsa04923","Regulation of lipolysis in adipocytes","8/801","59/8541",0.184668661229682,0.45498075955139,0.346517854023659,"110117499/5567/109/5593/114/5592/115/3643",8
"hsa04550","Cellular Processes","Cellular community - eukaryotes","hsa04550","Signaling pathways regulating pluripotency of stem cells","17/801","144/8541",0.191016977284913,0.467235771776045,0.355851392745843,"110117499/4211/92/7476/7474/2932/10336/56916/4086/3400/84333/2263/7481/81029/463/6774/5594",17
"hsa04979","Organismal Systems","Digestive system","hsa04979","Cholesterol metabolism","7/801","51/8541",0.197613558029702,0.479918640929276,0.365510791543659,"338/57552/948/19/114879/949/3990",7
"hsa05169","Human Diseases","Infectious disease: viral","hsa05169","Epstein-Barr virus infection","23/801","204/8541",0.203373052166303,0.49040310451449,0.373495862881005,"110117499/919/3516/5602/4790/7097/836/1871/3122/3119/3112/6891/3111/896/1021/7979/9612/7187/4734/5336/5717/6774/596",23
"hsa05215","Human Diseases","Cancer: specific types","hsa05215","Prostate cancer","12/801","98/8541",0.20549433388976,0.491485338720325,0.374320103173994,"110117499/2932/4790/1871/1956/6934/2263/80310/1387/596/7113/5594",12
"hsa00430","Metabolism","Metabolism of other amino acids","hsa00430","Taurine and hypotaurine metabolism","3/801","17/8541",0.209494223699974,0.491485338720325,0.374320103173994,"2330/2571/339896",3
"hsa00051","Metabolism","Carbohydrate metabolism","hsa00051","Fructose and mannose metabolism","5/801","34/8541",0.20960404151308,0.491485338720325,0.374320103173994,"5208/2762/5209/80201/5213",5
"hsa04710","Organismal Systems","Environmental adaptation","hsa04710","Circadian rhythm","5/801","34/8541",0.20960404151308,0.491485338720325,0.374320103173994,"6097/51422/6096/406/6095",5
"hsa05230","Human Diseases","Cancer: overview","hsa05230","Central carbon metabolism in cancer","9/801","71/8541",0.218446506938169,0.505350009404531,0.384879573726052,"110117499/2645/1956/80201/2263/3945/5213/3418/5594",9
"hsa04213","Organismal Systems","Aging","hsa04213","Longevity regulating pathway - multiple species","8/801","62/8541",0.22221457807467,0.505350009404531,0.384879573726052,"110117499/5567/109/51422/114/115/57521/3643",8
"hsa04330","Environmental Information Processing","Signal transduction","hsa04330","Notch signaling pathway","8/801","62/8541",0.22221457807467,0.505350009404531,0.384879573726052,"3516/55534/6310/7088/1488/1840/9612/1387",8
"hsa04950","Human Diseases","Endocrine and metabolic disease","hsa04950","Maturity onset diabetes of the young","4/801","26/8541",0.222931287787631,0.505350009404531,0.384879573726052,"2645/3174/3375/3172",4
"hsa04814","Cellular Processes","Cell motility","hsa04814","Motor proteins","22/801","197/8541",0.222948533560823,0.505350009404531,0.384879573726052,"22920/55083/140469/4430/63971/1769/8701/1780/347240/4647/79659/8655/23026/1778/7168/55567/4641/1770/4642/8632/71/84700",22
"hsa04961","Organismal Systems","Excretory system","hsa04961","Endocrine and other factor-regulated calcium reabsorption","7/801","53/8541",0.225325488499065,0.50735540456743,0.386406902549807,"5567/6546/2099/115/5578/23236/5332",7
"hsa05320","Human Diseases","Immune disease","hsa05320","Autoimmune thyroid disease","7/801","54/8541",0.239661491546646,0.536084915301708,0.408287582551765,"7173/942/3122/3119/3112/3111/7038",7
"hsa02010","Environmental Information Processing","Membrane transport","hsa02010","ABC transporters","6/801","45/8541",0.243180508621476,0.540401130269947,0.411574854632839,"9429/6891/19/368/8714/10351",6
"hsa00512","Metabolism","Glycan biosynthesis and metabolism","hsa00512","Mucin type O-glycan biosynthesis","5/801","36/8541",0.24511647230365,0.541166237553512,0.412157567920013,"442117/55568/79695/374378/50614",5
"hsa00564","Metabolism","Lipid metabolism","hsa00564","Glycerophospholipid metabolism","12/801","103/8541",0.256798120992543,0.559688212419645,0.4262640874775,"23175/151056/2820/5130/79888/154141/1607/1103/255189/5338/9663/79143",12
"hsa05142","Human Diseases","Infectious disease: parasitic","hsa05142","Chagas disease","12/801","103/8541",0.256798120992543,0.559688212419645,0.4262640874775,"110117499/919/7048/3827/5602/4790/7097/5521/9630/23236/5332/5594",12
"hsa00250","Metabolism","Amino acid metabolism","hsa00250","Alanine, aspartate and glutamate metabolism","5/801","37/8541",0.263431827454077,0.570489307862333,0.434490308774408,"2571/64902/8528/445/2746",5
"hsa04115","Cellular Processes","Cell growth and death","hsa04115","p53 signaling pathway","9/801","75/8541",0.268184376490408,0.577105620295815,0.439529357872354,"7161/92344/836/896/1021/8795/84883/6477/596",9
"hsa04650","Organismal Systems","Immune system","hsa04650","Natural killer cell mediated cytotoxicity","15/801","134/8541",0.273116433403752,0.584022561995444,0.444797369197769,"110117499/919/8743/5530/836/8795/53358/7410/399694/5336/5578/4772/25759/4773/5594",15
"hsa00514","Metabolism","Glycan biosynthesis and metabolism","hsa00514","Other types of O-glycan biosynthesis","6/801","47/8541",0.275872634884993,0.586229349130611,0.446478080142818,"6480/442117/55568/79695/374378/50614",6
"hsa05415","Human Diseases","Cardiovascular disease","hsa05415","Diabetic cardiomyopathy","22/801","205/8541",0.283251717403228,0.598171328677624,0.455573210076457,"5590/110117499/6262/9167/4705/7048/2932/185/5602/4790/817/948/1278/55967/9882/4313/489/5164/5578/3643/23236/5332",22
"hsa04210","Cellular Processes","Cell growth and death","hsa04210","Apoptosis","15/801","136/8541",0.29258279351388,0.610314547866969,0.464821606115401,"110117499/3708/8743/5602/4790/836/4001/8795/153090/823/8739/1512/71/596/5594",15
"hsa00280","Metabolism","Amino acid metabolism","hsa00280","Valine, leucine and isoleucine degradation","6/801","48/8541",0.292591974418576,0.610314547866969,0.464821606115401,"84693/316/5096/64902/586/35",6
"hsa05330","Human Diseases","Immune disease","hsa05330","Allograft rejection","5/801","39/8541",0.300900610880716,0.623818339630752,0.475106227706393,"942/3122/3119/3112/3111",5
"hsa05030","Human Diseases","Substance dependence","hsa05030","Cocaine addiction","6/801","49/8541",0.309508403091756,0.633760717626319,0.482678441288156,"5567/4790/116443/2904/2903/2906",6
"hsa04350","Environmental Information Processing","Signal transduction","hsa04350","TGF-beta signaling pathway","12/801","108/8541",0.312037681578723,0.633760717626319,0.482678441288156,"64388/151449/4052/92/7048/4086/3400/653/79875/1387/655/5594",12
"hsa05224","Human Diseases","Cancer: specific types","hsa05224","Breast cancer","16/801","148/8541",0.312102235355524,0.633760717626319,0.482678441288156,"110117499/7476/7474/2932/1871/2099/1956/1021/53358/6934/7481/81029/8600/399694/25759/5594",16
"hsa00770","Metabolism","Metabolism of cofactors and vitamins","hsa00770","Pantothenate and CoA biosynthesis","3/801","21/8541",0.314369695473,0.633760717626319,0.482678441288156,"1806/339896/586",3
"hsa05213","Human Diseases","Cancer: specific types","hsa05213","Endometrial cancer","7/801","59/8541",0.315016356702494,0.633760717626319,0.482678441288156,"110117499/1496/2932/1956/29119/6934/5594",7
"hsa04664","Organismal Systems","Immune system","hsa04664","Fc epsilon RI signaling pathway","8/801","69/8541",0.318601992185883,0.634364665092118,0.483138413661489,"110117499/5602/7410/241/255189/5336/5578/5594",8
"hsa00500","Metabolism","Carbohydrate metabolism","hsa00500","Starch and sucrose metabolism","5/801","40/8541",0.319943985429722,0.634364665092118,0.483138413661489,"5236/2645/80201/92579/5834",5
"hsa05140","Human Diseases","Infectious disease: parasitic","hsa05140","Leishmaniasis","9/801","79/8541",0.320913889399542,0.634364665092118,0.483138413661489,"1378/1379/4790/7097/3122/3119/3112/3111/5594",9
"hsa00565","Metabolism","Lipid metabolism","hsa00565","Ether lipid metabolism","6/801","50/8541",0.32658351609484,0.641840436255755,0.488832035043083,"151056/79888/5168/255189/5048/5338",6
"hsa00410","Metabolism","Metabolism of other amino acids","hsa00410","beta-Alanine metabolism","4/801","31/8541",0.330689089465357,0.646174082863341,0.492132583233381,"1806/2571/339896/35",4
"hsa05152","Human Diseases","Infectious disease: bacterial","hsa05152","Tuberculosis","19/801","182/8541",0.345854602518218,0.671946084892539,0.511760795305153,"1378/1379/7879/5602/5530/4790/817/7097/836/3122/3119/3112/3111/1387/8844/596/1054/3929/5594",19
"hsa05310","Human Diseases","Immune disease","hsa05310","Asthma","4/801","32/8541",0.352793887185233,0.681533645698746,0.519062776600283,"3122/3119/3112/3111",4
"hsa04973","Organismal Systems","Digestive system","hsa04973","Carbohydrate digestion and absorption","6/801","52/8541",0.361059384589961,0.693560399777325,0.528222471657034,"110117499/776/80201/92579/23236/5332",6
"hsa00515","Metabolism","Glycan biosynthesis and metabolism","hsa00515","Mannose type O-glycan biosynthesis","3/801","23/8541",0.367690602520344,0.702330364364701,0.534901763571878,"55624/729920/9215",3
"hsa01210","Metabolism","Global and overview maps","hsa01210","2-Oxocarboxylic acid metabolism","4/801","33/8541",0.374900745240202,0.710025977536569,0.540762818804941,"64902/55526/586/3418",4
"hsa04975","Organismal Systems","Digestive system","hsa04975","Fat digestion and absorption","5/801","43/8541",0.377678068232068,0.710025977536569,0.540762818804941,"338/948/19/80168/949",5
"hsa05217","Human Diseases","Cancer: specific types","hsa05217","Basal cell carcinoma","7/801","63/8541",0.377984417453291,0.710025977536569,0.540762818804941,"7476/7474/2932/2737/6934/7481/81029",7
"hsa03250","Genetic Information Processing","Information processing in viruses","hsa03250","Viral life cycle - HIV-1","7/801","64/8541",0.393864112312907,0.732817392501303,0.558120986239382,"7469/636/11052/1387/79643/8178/4600",7
"hsa00600","Metabolism","Lipid metabolism","hsa00600","Sphingolipid metabolism","6/801","54/8541",0.395727819063216,0.732817392501303,0.558120986239382,"8879/81537/9517/79603/55304/64781",6
"hsa04625","Organismal Systems","Immune system","hsa04625","C-type lectin receptor signaling pathway","11/801","105/8541",0.396583530059528,0.732817392501303,0.558120986239382,"110117499/114548/3708/5602/5530/4790/5336/8844/4772/4773/5594",11
"hsa04670","Organismal Systems","Immune system","hsa04670","Leukocyte transendothelial migration","12/801","116/8541",0.405256707715904,0.742884856246579,0.565788466367364,"110117499/5906/1496/7410/29119/4313/1003/5336/5578/71/7408/23562",12
"hsa01524","Human Diseases","Drug resistance: antineoplastic","hsa01524","Platinum drug resistance","8/801","75/8541",0.40640171547607,0.742884856246579,0.565788466367364,"110117499/7155/4258/836/2940/4257/596/5594",8
"hsa05332","Human Diseases","Immune disease","hsa05332","Graft-versus-host disease","5/801","45/8541",0.416181505637858,0.754934550078029,0.574965632567168,"942/3122/3119/3112/3111",5
"hsa00730","Metabolism","Metabolism of cofactors and vitamins","hsa00730","Thiamine metabolism","2/801","15/8541",0.41743439827844,0.754934550078029,0.574965632567168,"205/27010",2
"hsa05135","Human Diseases","Infectious disease: bacterial","hsa05135","Yersinia infection","14/801","138/8541",0.420027926246915,0.755605793248418,0.575476858015823,"110117499/114548/2932/5602/4790/64283/7410/1793/8874/4210/71/4772/4773/5594",14
"hsa04340","Environmental Information Processing","Signal transduction","hsa04340","Hedgehog signaling pathway","6/801","56/8541",0.430315081727914,0.763135576638496,0.581211615644179,"5567/2932/2121/1456/2737/596",6
"hsa05210","Human Diseases","Cancer: specific types","hsa05210","Colorectal cancer","9/801","87/8541",0.430708068361914,0.763135576638496,0.581211615644179,"110117499/7048/2932/5602/836/1956/6934/596/5594",9
"hsa05162","Human Diseases","Infectious disease: viral","hsa05162","Measles","14/801","139/8541",0.430947149160562,0.763135576638496,0.581211615644179,"7161/110117499/2932/5602/4790/7097/836/896/1021/7187/6774/596/4600/3560",14
"hsa04080","Environmental Information Processing","Signaling molecules and interaction","hsa04080","Neuroactive ligand-receptor interaction","36/801","370/8541",0.433308530701017,0.763341453048423,0.581368413157623,"1131/3973/6869/130574/5746/2917/7068/7433/3355/185/3827/2895/3360/2890/3062/2911/2918/148/432355/9568/116443/2915/2900/2904/3375/5027/2562/2558/2567/1143/2903/5023/9340/2906/2359/146",36
"hsa00040","Metabolism","Carbohydrate metabolism","hsa00040","Pentose and glucuronate interconversions","4/801","36/8541",0.44056452193274,0.772123388954287,0.588056822547227,"9942/7363/729920/27294",4
"hsa04610","Organismal Systems","Immune system","hsa04610","Complement and coagulation cascades","9/801","88/8541",0.444492427178933,0.775012437132499,0.590257150261903,"1378/1379/3827/2160/730/2162/710/7450/5265",9
"hsa04666","Organismal Systems","Immune system","hsa04666","Fc gamma R-mediated phagocytosis","10/801","99/8541",0.451954992111135,0.78002384425272,0.594073887573279,"110117499/273/7410/1793/255189/5336/5338/5578/7408/5594",10
"hsa05231","Human Diseases","Cancer: overview","hsa05231","Choline metabolism in cancer","10/801","99/8541",0.451954992111135,0.78002384425272,0.594073887573279,"110117499/5130/5602/1607/1956/80310/255189/5338/5578/5594",10
"hsa05221","Human Diseases","Cancer: specific types","hsa05221","Acute myeloid leukemia","7/801","68/8541",0.457148086862263,0.781551997674706,0.595237744359064,"110117499/4790/6934/7704/6774/861/5594",7
"hsa01250","Metabolism","Global and overview maps","hsa01250","Biosynthesis of nucleotide sugars","4/801","37/8541",0.462035151566517,0.781551997674706,0.595237744359064,"5236/2762/2645/80201",4
"hsa05143","Human Diseases","Infectious disease: parasitic","hsa05143","African trypanosomiasis","4/801","37/8541",0.462035151566517,0.781551997674706,0.595237744359064,"3827/5578/23236/5332",4
"hsa05216","Human Diseases","Cancer: specific types","hsa05216","Thyroid cancer","4/801","37/8541",0.462035151566517,0.781551997674706,0.595237744359064,"6258/5468/6934/5594",4
"hsa00650","Metabolism","Carbohydrate metabolism","hsa00650","Butanoate metabolism","3/801","27/8541",0.471242821570584,0.789273691300485,0.601118662724208,"2571/142827/35",3
"hsa01040","Metabolism","Lipid metabolism","hsa01040","Biosynthesis of unsaturated fatty acids","3/801","27/8541",0.471242821570584,0.789273691300485,0.601118662724208,"201562/79966/3295",3
"hsa04068","Environmental Information Processing","Signal transduction","hsa04068","FoxO signaling pathway","13/801","133/8541",0.48095150073135,0.796961652905608,0.606973890448234,"110117499/7048/8743/5602/9456/2911/1956/51422/1387/6774/92579/3643/5594",13
"hsa00910","Metabolism","Energy metabolism","hsa00910","Nitrogen metabolism","2/801","17/8541",0.482865001466339,0.796961652905608,0.606973890448234,"2746/763",2
"hsa03273",NA,NA,"hsa03273","Virion - Lassa virus and SFTS virus","2/801","17/8541",0.482865001466339,0.796961652905608,0.606973890448234,"8828/5101",2
"hsa00983","Metabolism","Xenobiotics biodegradation and metabolism","hsa00983","Drug metabolism - other enzymes","8/801","81/8541",0.49406619366759,0.806847819098947,0.614503292564523,"978/1806/7363/4258/2940/9/4257/54963",8
"hsa00601","Metabolism","Glycan biosynthesis and metabolism","hsa00601","Glycosphingolipid biosynthesis - lacto and neolacto series","3/801","28/8541",0.495974100563764,0.806847819098947,0.614503292564523,"10678/8708/6484",3
"hsa00790","Metabolism","Metabolism of cofactors and vitamins","hsa00790","Folate biosynthesis","3/801","28/8541",0.495974100563764,0.806847819098947,0.614503292564523,"5860/84105/8644",3
"hsa00670","Metabolism","Metabolism of cofactors and vitamins","hsa00670","One carbon pool by folate","4/801","39/8541",0.504045868616794,0.816074263474809,0.621530244008678,"441024/29958/25902/2618",4
"hsa04672","Organismal Systems","Immune system","hsa04672","Intestinal immune network for IgA production","5/801","50/8541",0.510014657456831,0.816370641292702,0.621755968291037,"942/3122/3119/3112/3111",5
"hsa05144","Human Diseases","Infectious disease: parasitic","hsa05144","Malaria","5/801","50/8541",0.510014657456831,0.816370641292702,0.621755968291037,"1378/1379/7097/948/6383",5
"hsa04810","Cellular Processes","Cell motility","hsa04810","Regulation of actin cytoskeleton","22/801","232/8541",0.511742279894378,0.816370641292702,0.621755968291037,"110117499/1131/50649/3680/3827/730/3672/10788/1956/7410/2263/1793/80310/3071/54434/221178/8874/23191/22801/71/7074/5594",22
"hsa00061","Metabolism","Lipid metabolism","hsa00061","Fatty acid biosynthesis","2/801","18/8541",0.513833285990113,0.816370641292702,0.621755968291037,"2181/32",2
"hsa04744","Organismal Systems","Sensory system","hsa04744","Phototransduction","3/801","29/8541",0.520111170963365,0.82250138663974,0.626425204685375,"5145/2792/1258",3
"hsa03083","Genetic Information Processing","Chromosome","hsa03083","Polycomb repressive complex","8/801","83/8541",0.522549145223566,0.822531061925984,0.626447805677374,"10336/26053/26147/84333/1387/8535/91133/83746",8
"hsa04064","Environmental Information Processing","Signal transduction","hsa04064","NF-kappa B signaling pathway","10/801","105/8541",0.528755472232492,0.827389544979796,0.630148074504736,"4790/5588/23085/8600/7187/5336/8792/596/3929/29775",10
"hsa04217","Cellular Processes","Cell growth and death","hsa04217","Necroptosis","15/801","159/8541",0.530738085050783,0.827389544979796,0.630148074504736,"114548/25978/8743/5602/817/8795/90865/55506/2746/823/255189/6774/79643/596/5834",15
"hsa05170","Human Diseases","Infectious disease: viral","hsa05170","Human immunodeficiency virus 1 infection","20/801","213/8541",0.532936206913457,0.827389544979796,0.630148074504736,"110117499/919/2786/3708/5602/5530/4790/7097/836/340061/6891/2792/54331/5336/5578/596/4772/2788/4773/5594",20
"hsa00531","Metabolism","Glycan biosynthesis and metabolism","hsa00531","Glycosaminoglycan degradation","2/801","19/8541",0.543549296880432,0.837757958522633,0.638044760980086,"6677/60495",2
"hsa03440","Genetic Information Processing","Replication and repair","hsa03440","Homologous recombination","4/801","41/8541",0.544542673039711,0.837757958522633,0.638044760980086,"9577/7979/5890/5932",4
"hsa05171","Human Diseases","Infectious disease: viral","hsa05171","Coronavirus disease - COVID-19","22/801","238/8541",0.56228126516561,0.859691061467257,0.654749229476611,"6146/110117499/114548/185/5602/4790/7097/730/340061/2162/1956/8829/6157/7450/7187/5336/6774/5578/6203/4600/7113/5594",22
"hsa00380","Metabolism","Amino acid metabolism","hsa00380","Tryptophan metabolism","4/801","42/8541",0.564138404486406,0.859691061467257,0.654749229476611,"23498/316/6999/55526",4
"hsa00630","Metabolism","Carbohydrate metabolism","hsa00630","Glyoxylate and dicarboxylate metabolism","3/801","31/8541",0.566418197981836,0.859691061467257,0.654749229476611,"84693/5096/54363",3
"hsa05161","Human Diseases","Infectious disease: viral","hsa05161","Hepatitis B","15/801","163/8541",0.571027461680613,0.859691061467257,0.654749229476611,"110117499/7048/5602/4790/7097/836/1871/7187/1387/6774/5578/596/4772/4773/5594",15
"hsa00785","Metabolism","Metabolism of cofactors and vitamins","hsa00785","Lipoic acid metabolism","2/801","20/8541",0.571975320310071,0.859691061467257,0.654749229476611,"11019/55526",2
"hsa05010","Human Diseases","Neurodegenerative disease","hsa05010","Alzheimer disease","36/801","391/8541",0.573970208685492,0.859691061467257,0.654749229476611,"110117499/1131/9167/4705/3708/7476/776/7474/2932/5602/5530/4790/27123/836/7979/23516/9821/823/7481/2915/81029/775/2904/55967/6263/2903/489/5717/5691/201266/3643/2906/23236/5332/351/5594",36
"hsa00561","Metabolism","Lipid metabolism","hsa00561","Glycerolipid metabolism","6/801","65/8541",0.578809356114714,0.863136759118433,0.657373506944689,"23175/154141/1607/80168/3990/9663",6
"hsa04215","Cellular Processes","Cell growth and death","hsa04215","Apoptosis - multiple species","3/801","32/8541",0.588517264615967,0.871776439423551,0.663953573059423,"5602/836/596",3
"hsa01240","Metabolism","Global and overview maps","hsa01240","Biosynthesis of cofactors","14/801","154/8541",0.590266117617987,0.871776439423551,0.663953573059423,"205/23498/11019/7363/441024/6999/133686/25902/27010/7390/586/79001/1723/8566",14
"hsa05202","Human Diseases","Cancer: overview","hsa05202","Transcriptional misregulation in cancer","18/801","198/8541",0.592295169137765,0.871776439423551,0.663953573059423,"5081/5087/6258/4211/5468/7048/942/4790/4086/8464/2138/7704/2313/9915/26039/861/7113/3560",18
"hsa04936","Human Diseases","Endocrine and metabolic disease","hsa04936","Alcoholic liver disease","13/801","144/8541",0.600328460337153,0.874931779021961,0.666356710957902,"23175/2932/10891/79966/5602/4790/836/51422/6934/32/7187/9663/3929",13
"hsa05034","Human Diseases","Substance dependence","hsa05034","Alcoholism","17/801","188/8541",0.600812160561322,0.874931779021961,0.666356710957902,"5567/2786/814/9734/2792/53358/116443/55506/2904/51564/54331/399694/2903/25759/2788/2906/5594",17
"hsa04640","Organismal Systems","Immune system","hsa04640","Hematopoietic cell lineage","9/801","100/8541",0.602627242934393,0.874931779021961,0.666356710957902,"1378/1379/3568/3672/3122/3119/3112/3111/948",9
"hsa05133","Human Diseases","Infectious disease: bacterial","hsa05133","Pertussis","7/801","78/8541",0.606171509431869,0.874931779021961,0.666356710957902,"114548/5602/4790/836/10392/710/5594",7
"hsa00010","Metabolism","Carbohydrate metabolism","hsa00010","Glycolysis / Gluconeogenesis","6/801","67/8541",0.609151553775892,0.874931779021961,0.666356710957902,"5236/2645/80201/3945/5213/92579",6
"hsa04130","Genetic Information Processing","Folding, sorting and degradation","hsa04130","SNARE interactions in vesicular transport","3/801","33/8541",0.609878916553543,0.874931779021961,0.666356710957902,"53407/9482/8675",3
"hsa05134","Human Diseases","Infectious disease: bacterial","hsa05134","Legionellosis","5/801","56/8541",0.613484533963515,0.876406477090735,0.667479855617092,"1378/1379/4790/7097/836",5
"hsa05020","Human Diseases","Neurodegenerative disease","hsa05020","Prion disease","25/801","278/8541",0.619699486845948,0.878294304743351,0.668917643860261,"110117499/5567/6262/9167/4705/3708/776/2932/5602/5530/836/730/7979/858/116443/775/2904/55967/6263/2903/5717/5691/2906/4685/5594",25
"hsa04218","Cellular Processes","Cell growth and death","hsa04218","Cellular senescence","14/801","157/8541",0.619972450407071,0.878294304743351,0.668917643860261,"110117499/3708/7048/776/5530/4790/1871/896/1021/823/2113/4772/4773/5594",14
"hsa00830","Metabolism","Metabolism of cofactors and vitamins","hsa00830","Retinol metabolism","6/801","68/8541",0.623861566703017,0.880136650120439,0.670320792351789,"10170/316/7363/9227/8608/8854",6
"hsa04140","Cellular Processes","Transport and catabolism","hsa04140","Autophagy - animal","15/801","169/8541",0.628784474296243,0.880704534794723,0.670753298945826,"110117499/5567/3708/7879/5602/83734/9821/1612/5588/7405/23604/9110/57521/596/5594",15
"hsa01212","Metabolism","Global and overview maps","hsa01212","Fatty acid metabolism","5/801","57/8541",0.629444711632699,0.880704534794723,0.670753298945826,"2181/201562/79966/3295/35",5
"hsa05160","Human Diseases","Infectious disease: viral","hsa05160","Hepatitis C","14/801","159/8541",0.639193852230571,0.890679958026205,0.678350680106645,"110117499/2932/4790/836/5521/1871/1956/1021/949/7187/6774/23562/4600/5594",14
"hsa00240","Metabolism","Nucleotide metabolism","hsa00240","Pyrimidine metabolism","5/801","58/8541",0.644998974078945,0.895100617089148,0.681717497844986,"978/1806/1723/955/54963",5
"hsa00220","Metabolism","Amino acid metabolism","hsa00220","Arginine biosynthesis","2/801","23/8541",0.6493893407003,0.897529983081715,0.683567727052947,"445/2746",2
"hsa05203","Human Diseases","Cancer: overview","hsa05203","Viral carcinogenesis","18/801","205/8541",0.652476182966105,0.898145353070751,0.684036398933142,"110117499/5567/6672/1232/1739/3516/4790/836/896/8379/9734/1021/27044/51564/7187/1387/6774/5594",18
"hsa01200","Metabolism","Global and overview maps","hsa01200","Carbon metabolism","10/801","116/8541",0.657946566182291,0.902023518153141,0.68699004788134,"84693/5096/2645/80201/2746/5213/35/8803/3418/54363",10
"hsa04114","Cellular Processes","Cell growth and death","hsa04114","Oocyte meiosis","12/801","139/8541",0.662343008458876,0.904404107935815,0.688803128644614,"5567/109/3708/5530/817/8379/114/89869/51434/5527/115/5594",12
"hsa05204","Human Diseases","Cancer: overview","hsa05204","Chemical carcinogenesis - DNA adducts","6/801","71/8541",0.66602224336977,0.905790250982887,0.689858828921951,"2052/7363/4258/2940/9/4257",6
"hsa00350","Metabolism","Amino acid metabolism","hsa00350","Tyrosine metabolism","3/801","36/8541",0.669396232503261,0.906751868729516,0.690591206524647,"7173/316/1621",3
"hsa04657","Organismal Systems","Immune system","hsa04657","IL-17 signaling pathway","8/801","95/8541",0.677943229465995,0.914685309596978,0.696633393686863,"132014/2932/5602/4790/836/7187/1994/5594",8
"hsa00982","Metabolism","Xenobiotics biodegradation and metabolism","hsa00982","Drug metabolism - cytochrome P450","6/801","73/8541",0.69241309896071,0.921046482476045,0.701478125972468,"2330/316/7363/4258/2940/4257",6
"hsa05218","Human Diseases","Cancer: specific types","hsa05218","Melanoma","6/801","73/8541",0.69241309896071,0.921046482476045,0.701478125972468,"110117499/1871/1956/1021/80310/5594",6
"hsa00130","Metabolism","Metabolism of cofactors and vitamins","hsa00130","Ubiquinone and other terpenoid-quinone biosynthesis","1/801","12/8541",0.693493822099611,0.921046482476045,0.701478125972468,"79001",1
"hsa03265","Genetic Information Processing","Information processing in viruses","hsa03265","Virion - Ebolavirus, Lyssavirus and Morbillivirus","1/801","12/8541",0.693493822099611,0.921046482476045,0.701478125972468,"4685",1
"hsa00520","Metabolism","Carbohydrate metabolism","hsa00520","Amino sugar and nucleotide sugar metabolism","4/801","50/8541",0.702516789470977,0.929399643658101,0.707839976284498,"5236/2762/2645/80201",4
"hsa00592","Metabolism","Lipid metabolism","hsa00592","alpha-Linolenic acid metabolism","2/801","26/8541",0.715253980598002,0.942582765129149,0.717880372203625,"151056/255189",2
"hsa03450","Genetic Information Processing","Replication and repair","hsa03450","Non-homologous end-joining","1/801","13/8541",0.722279312602391,0.944814807829944,0.719580318037666,"27434",1
"hsa05130","Human Diseases","Infectious disease: bacterial","hsa05130","Pathogenic Escherichia coli infection","17/801","203/8541",0.725261005204036,0.944814807829944,0.719580318037666,"114548/4430/4691/8743/5602/4790/836/9265/8795/3071/23191/4641/4642/9368/71/23562/5594",17
"hsa04914","Organismal Systems","Endocrine system","hsa04914","Progesterone-mediated oocyte maturation","9/801","111/8541",0.725284308363574,0.944814807829944,0.719580318037666,"110117499/5567/109/5602/8379/114/51434/115/5594",9
"hsa00270","Metabolism","Amino acid metabolism","hsa00270","Cysteine and methionine metabolism","4/801","52/8541",0.731654652561376,0.949475503323923,0.723129949899954,"64902/3945/586/84245",4
"hsa04613","Organismal Systems","Immune system","hsa04613","Neutrophil extracellular trap formation","16/801","193/8541",0.735745527826781,0.951153914300781,0.724408244328149,"110117499/1378/1379/4790/7097/9734/55506/7450/51564/5336/5578/71/2359/23236/5332/5594",16
"hsa05168","Human Diseases","Infectious disease: viral","hsa05168","Herpes simplex virus 1 infection","15/801","182/8541",0.739214346106609,0.952018476046391,0.725066703118923,"110117499/8890/6672/4790/7097/836/340061/3122/3119/3112/6891/3111/8683/7187/596",15
"hsa05132","Human Diseases","Infectious disease: bacterial","hsa05132","Salmonella infection","21/801","251/8541",0.742868087529191,0.953113772678961,0.725900891885525,"114548/7879/8743/5602/4790/7097/836/9265/10392/1780/60412/8795/6934/79659/3071/8655/1778/23191/71/596/5594",21
"hsa00533","Metabolism","Glycan biosynthesis and metabolism","hsa00533","Glycosaminoglycan biosynthesis - keratan sulfate","1/801","14/8541",0.748364475665886,0.956556096715794,0.728522599975496,"10678",1
"hsa05016","Human Diseases","Neurodegenerative disease","hsa05016","Huntington disease","26/801","311/8541",0.762598645826391,0.968014220365334,0.737249220464001,"3766/9167/4705/3708/5468/3064/10891/5602/836/2890/1769/8701/3092/7979/9821/2915/2904/55967/1387/55567/1770/5717/5691/8632/23236/5332",26
"hsa00980","Metabolism","Xenobiotics biodegradation and metabolism","hsa00980","Metabolism of xenobiotics by cytochrome P450","6/801","79/8541",0.763022973699734,0.968014220365334,0.737249220464001,"2052/7363/4258/2940/4257/27294",6
"hsa00513","Metabolism","Glycan biosynthesis and metabolism","hsa00513","Various types of N-glycan biosynthesis","3/801","42/8541",0.767817653612505,0.97047584471469,0.73912401795608,"199857/283358/64377",3
"hsa04612","Organismal Systems","Immune system","hsa04612","Antigen processing and presentation","6/801","81/8541",0.783700999983057,0.982616552922644,0.748370501606719,"3122/3119/3112/6891/3111/5641",6
"hsa00020","Metabolism","Carbohydrate metabolism","hsa00020","Citrate cycle (TCA cycle)","2/801","30/8541",0.786605878333778,0.982616552922644,0.748370501606719,"8803/3418",2
"hsa00591","Metabolism","Lipid metabolism","hsa00591","Linoleic acid metabolism","2/801","30/8541",0.786605878333778,0.982616552922644,0.748370501606719,"151056/255189",2
"hsa04621","Organismal Systems","Immune system","hsa04621","NOD-like receptor signaling pathway","15/801","189/8541",0.788983291023182,0.982616552922644,0.748370501606719,"114548/84168/3708/5602/4790/340061/10392/59082/5027/7187/4210/596/23236/5332/5594",15
"hsa00030","Metabolism","Carbohydrate metabolism","hsa00030","Pentose phosphate pathway","2/801","31/8541",0.801791235599429,0.986245955088748,0.75113469025335,"5236/5213",2
"hsa03060","Genetic Information Processing","Folding, sorting and degradation","hsa03060","Protein export","2/801","31/8541",0.801791235599429,0.986245955088748,0.75113469025335,"6726/83943",2
"hsa04623","Organismal Systems","Immune system","hsa04623","Cytosolic DNA-sensing pathway","6/801","83/8541",0.802982742793678,0.986245955088748,0.75113469025335,"114548/4790/836/340061/90865/4210",6
"hsa00120","Metabolism","Lipid metabolism","hsa00120","Primary bile acid biosynthesis","1/801","17/8541",0.812832073067148,0.986245955088748,0.75113469025335,"3295",1
"hsa00450","Metabolism","Metabolism of other amino acids","hsa00450","Selenocompound metabolism","1/801","17/8541",0.812832073067148,0.986245955088748,0.75113469025335,"114112",1
"hsa04620","Organismal Systems","Immune system","hsa04620","Toll-like receptor signaling pathway","8/801","109/8541",0.814107936794399,0.986245955088748,0.75113469025335,"110117499/942/5602/4790/7097/7187/3929/5594",8
"hsa04136","Cellular Processes","Transport and catabolism","hsa04136","Autophagy - other","2/801","32/8541",0.81600950033166,0.986245955088748,0.75113469025335,"83734/57521",2
"hsa00480","Metabolism","Metabolism of other amino acids","hsa00480","Glutathione metabolism","4/801","59/8541",0.816748828783196,0.986245955088748,0.75113469025335,"4258/2940/4257/3418",4
"hsa03050","Genetic Information Processing","Folding, sorting and degradation","hsa03050","Proteasome","3/801","46/8541",0.81913805957887,0.986245955088748,0.75113469025335,"7979/5717/5691",3
"hsa01232","Metabolism","Global and overview maps","hsa01232","Nucleotide metabolism","6/801","85/8541",0.820904721441517,0.986245955088748,0.75113469025335,"978/205/9615/955/54963/51816",6
"hsa00620","Metabolism","Carbohydrate metabolism","hsa00620","Pyruvate metabolism","3/801","47/8541",0.830352787645234,0.990676773980249,0.754509245817775,"98/3945/32",3
"hsa00511","Metabolism","Glycan biosynthesis and metabolism","hsa00511","Other glycan degradation","1/801","18/8541",0.830420237012856,0.990676773980249,0.754509245817775,"4126",1
"hsa03272",NA,NA,"hsa03272","Virion - Hepatitis viruses","3/801","48/8541",0.8409655122308,0.998983138716476,0.760835455493044,"1956/949/23562",3
"hsa03320","Organismal Systems","Endocrine system","hsa03320","PPAR signaling pathway","5/801","76/8541",0.852571492644565,0.998983138716476,0.760835455493044,"6258/2181/5468/79966/948",5
"hsa00140","Metabolism","Lipid metabolism","hsa00140","Steroid hormone biosynthesis","4/801","63/8541",0.854530406560218,0.998983138716476,0.760835455493044,"7363/8644/3294/6820",4
"hsa00310","Metabolism","Amino acid metabolism","hsa00310","Lysine degradation","4/801","63/8541",0.854530406560218,0.998983138716476,0.760835455493044,"64754/6419/2122/55526",4
"hsa05208","Human Diseases","Cancer: overview","hsa05208","Chemical carcinogenesis - reactive oxygen species","17/801","227/8541",0.867312808313122,0.998983138716476,0.760835455493044,"110117499/253152/405/2052/9167/4705/5602/4790/4258/7422/2940/1956/8644/4257/55967/5338/5594",17
"hsa04668","Environmental Information Processing","Signal transduction","hsa04668","TNF signaling pathway","8/801","119/8541",0.880790180568129,0.998983138716476,0.760835455493044,"110117499/5602/4790/836/153090/8986/7187/5594",8
"hsa04932","Human Diseases","Endocrine and metabolic disease","hsa04932","Non-alcoholic fatty liver disease","11/801","157/8541",0.881883559198903,0.998983138716476,0.760835455493044,"110117499/9167/4705/5468/2932/5602/4790/836/51422/55967/3643",11
"hsa00760","Metabolism","Metabolism of cofactors and vitamins","hsa00760","Nicotinate and nicotinamide metabolism","2/801","38/8541",0.883628535538968,0.998983138716476,0.760835455493044,"316/133686",2
"hsa05340","Human Diseases","Immune disease","hsa05340","Primary immunodeficiency","2/801","38/8541",0.883628535538968,0.998983138716476,0.760835455493044,"6891/7374",2
"hsa00340","Metabolism","Amino acid metabolism","hsa00340","Histidine metabolism","1/801","22/8541",0.885740705918896,0.998983138716476,0.760835455493044,"3176",1
"hsa04110","Cellular Processes","Cell growth and death","hsa04110","Cell cycle","11/801","158/8541",0.886640646190336,0.998983138716476,0.760835455493044,"2932/10274/902/1871/896/8379/1021/51434/5527/1387/114799",11
"hsa04142","Cellular Processes","Transport and catabolism","hsa04142","Lysosome","9/801","133/8541",0.887469516184137,0.998983138716476,0.760835455493044,"285362/4126/8546/6677/5641/1512/57707/22901/23335",9
"hsa00510","Metabolism","Glycan biosynthesis and metabolism","hsa00510","N-Glycan biosynthesis","3/801","54/8541",0.893286223574953,0.998983138716476,0.760835455493044,"199857/4249/6480",3
"hsa00900","Metabolism","Metabolism of terpenoids and polyketides","hsa00900","Terpenoid backbone biosynthesis","1/801","23/8541",0.896483949792468,0.998983138716476,0.760835455493044,"57107",1
"hsa03430","Genetic Information Processing","Replication and repair","hsa03430","Mismatch repair","1/801","23/8541",0.896483949792468,0.998983138716476,0.760835455493044,"9156",1
"hsa04964","Organismal Systems","Excretory system","hsa04964","Proximal tubule bicarbonate reclamation","1/801","23/8541",0.896483949792468,0.998983138716476,0.760835455493044,"2746",1
"hsa04146","Cellular Processes","Transport and catabolism","hsa04146","Peroxisome","5/801","83/8541",0.899976957223657,0.998983138716476,0.760835455493044,"2181/3295/8528/3418/54363",5
"hsa00260","Metabolism","Amino acid metabolism","hsa00260","Glycine, serine and threonine metabolism","2/801","41/8541",0.908040601719075,0.998983138716476,0.760835455493044,"64902/29958",2
"hsa00190","Metabolism","Energy metabolism","hsa00190","Oxidative phosphorylation","9/801","138/8541",0.910412047151582,0.998983138716476,0.760835455493044,"245973/9167/90423/4705/8992/64077/55967/495/529",9
"hsa05014","Human Diseases","Neurodegenerative disease","hsa05014","Amyotrophic lateral sclerosis","28/801","371/8541",0.911184357093935,0.998983138716476,0.760835455493044,"9167/2066/4705/25978/5530/836/2890/1769/9896/5071/8701/3181/7979/3084/9821/10718/2904/55967/2903/55567/642659/1770/5717/5691/8632/71/596/2906",28
"hsa04216","Cellular Processes","Cell growth and death","hsa04216","Ferroptosis","2/801","42/8541",0.915051749124403,0.998983138716476,0.760835455493044,"2181/23516",2
"hsa04622","Organismal Systems","Immune system","hsa04622","RIG-I-like receptor signaling pathway","4/801","72/8541",0.915978930387835,0.998983138716476,0.760835455493044,"5602/4790/340061/7187",4
"hsa00071","Metabolism","Lipid metabolism","hsa00071","Fatty acid degradation","2/801","43/8541",0.921558698495443,0.998983138716476,0.760835455493044,"2181/35",2
"hsa05322","Human Diseases","Immune disease","hsa05322","Systemic lupus erythematosus","9/801","141/8541",0.922180360450711,0.998983138716476,0.760835455493044,"942/730/3122/3119/3112/3111/55506/2904/2903",9
"hsa04630","Environmental Information Processing","Signal transduction","hsa04630","JAK-STAT signaling pathway","11/801","168/8541",0.926115062947694,0.998983138716476,0.760835455493044,"163702/110117499/149233/316/3568/896/1956/1387/6774/596/3560",11
"hsa03022","Genetic Information Processing","Transcription","hsa03022","Basal transcription factors","2/801","44/8541",0.927594211439465,0.998983138716476,0.760835455493044,"902/129685",2
"hsa03015","Genetic Information Processing","Translation","hsa03015","mRNA surveillance pathway","6/801","103/8541",0.929956460087081,0.998983138716476,0.760835455493044,"5523/5521/11052/5527/124540/5976",6
"hsa00062","Metabolism","Lipid metabolism","hsa00062","Fatty acid elongation","1/801","27/8541",0.930270044401758,0.998983138716476,0.760835455493044,"201562",1
"hsa01230","Metabolism","Global and overview maps","hsa01230","Biosynthesis of amino acids","4/801","75/8541",0.930586833360728,0.998983138716476,0.760835455493044,"445/586/5213/3418",4
"hsa03082","Genetic Information Processing","Chromosome","hsa03082","ATP-dependent chromatin remodeling","7/801","117/8541",0.931399978922862,0.998983138716476,0.760835455493044,"57504/57492/55506/11177/10933/71/26039",7
"hsa04978","Organismal Systems","Digestive system","hsa04978","Mineral absorption","3/801","61/8541",0.934428745434774,0.998983138716476,0.760835455493044,"6546/10568/140803",3
"hsa04714","Organismal Systems","Environmental adaptation","hsa04714","Thermogenesis","16/801","235/8541",0.936509157301817,0.998983138716476,0.760835455493044,"5567/109/9167/2181/4705/5468/10891/5593/57492/51422/114/5592/55967/115/57521/71",16
"hsa04137","Cellular Processes","Transport and catabolism","hsa04137","Mitophagy - animal","6/801","105/8541",0.937396342544671,0.998983138716476,0.760835455493044,"7879/5602/5071/665/6477/55288",6
"hsa00860","Metabolism","Metabolism of cofactors and vitamins","hsa00860","Porphyrin metabolism","2/801","46/8541",0.938373497531018,0.998983138716476,0.760835455493044,"7363/7390",2
"hsa00590","Metabolism","Lipid metabolism","hsa00590","Arachidonic acid metabolism","3/801","63/8541",0.943157610376438,0.998983138716476,0.760835455493044,"151056/8644/255189",3
"hsa03420","Genetic Information Processing","Replication and repair","hsa03420","Nucleotide excision repair","3/801","63/8541",0.943157610376438,0.998983138716476,0.760835455493044,"7508/902/2072",3
"hsa00053","Metabolism","Carbohydrate metabolism","hsa00053","Ascorbate and aldarate metabolism","1/801","30/8541",0.948159097943725,0.999993247076909,0.761604764027615,"7363",1
"hsa00970","Genetic Information Processing","Translation","hsa00970","Aminoacyl-tRNA biosynthesis","3/801","66/8541",0.954248886008432,0.999993247076909,0.761604764027615,"10352/10667/123283",3
"hsa05012","Human Diseases","Neurodegenerative disease","hsa05012","Parkinson disease","18/801","271/8541",0.958608812230607,0.999993247076909,0.761604764027615,"11315/5567/9167/4705/3708/5602/817/836/5071/7979/23516/55967/6263/10131/5717/5691/201266/7332",18
"hsa04141","Genetic Information Processing","Folding, sorting and degradation","hsa04141","Protein processing in endoplasmic reticulum","10/801","170/8541",0.963903682101259,0.999993247076909,0.761604764027615,"55432/5602/5071/823/10970/5611/8720/55666/596/6238",10
"hsa03020","Genetic Information Processing","Transcription","hsa03020","RNA polymerase","1/801","34/8541",0.96509112259443,0.999993247076909,0.761604764027615,"10849",1
"hsa05150","Human Diseases","Infectious disease: bacterial","hsa05150","Staphylococcus aureus infection","5/801","102/8541",0.968407559181875,0.999993247076909,0.761604764027615,"3122/3119/3112/3111/2359",5
"hsa04060","Environmental Information Processing","Signaling molecules and interaction","hsa04060","Cytokine-cytokine receptor interaction","19/801","298/8541",0.976867750495367,0.999993247076909,0.761604764027615,"943/163702/149233/7292/151449/92/3568/132014/7048/1232/8743/653/8795/90865/55504/8600/8792/655/3560",19
"hsa03018","Genetic Information Processing","Folding, sorting and degradation","hsa03018","RNA degradation","3/801","78/8541",0.981352351432217,0.999993247076909,0.761604764027615,"87178/23404/5213",3
"hsa04120","Genetic Information Processing","Folding, sorting and degradation","hsa04120","Ubiquitin mediated proteolysis","7/801","142/8541",0.983435834784652,0.999993247076909,0.761604764027615,"9039/5071/51434/4734/6477/23327/7332",7
"hsa03410","Genetic Information Processing","Replication and repair","hsa03410","Base excision repair","1/801","44/8541",0.987021556215495,0.999993247076909,0.761604764027615,"7374",1
"hsa05206","Human Diseases","Cancer: overview","hsa05206","MicroRNAs in cancer","19/801","312/8541",0.98735077149385,0.999993247076909,0.761604764027615,"110117499/63923/7143/9839/4790/836/1871/7422/1956/1021/399694/7168/1387/5336/6774/5578/57521/596/5594",19
"hsa04061","Environmental Information Processing","Signaling molecules and interaction","hsa04061","Viral protein interaction with cytokine and cytokine receptor","4/801","100/8541",0.987492466813426,0.999993247076909,0.761604764027615,"1232/8743/8795/3560",4
"hsa00330","Metabolism","Amino acid metabolism","hsa00330","Arginine and proline metabolism","1/801","50/8541",0.992836266297824,0.999993247076909,0.761604764027615,"4942",1
"hsa03460","Genetic Information Processing","Replication and repair","hsa03460","Fanconi anemia pathway","1/801","55/8541",0.995635609194073,0.999993247076909,0.761604764027615,"2072",1
"hsa03013","Genetic Information Processing","Translation","hsa03013","Nucleocytoplasmic transport","3/801","108/8541",0.998299800083578,0.999993247076909,0.761604764027615,"25909/5976/5905",3
"hsa03040","Genetic Information Processing","Transcription","hsa03040","Spliceosome","8/801","217/8541",0.999657749828273,0.999993247076909,0.761604764027615,"51362/9092/8683/3183/642659/56259/7307/102724594",8
"hsa04740","Organismal Systems","Sensory system","hsa04740","Olfactory transduction","23/801","453/8541",0.99982056253543,0.999993247076909,0.761604764027615,"5567/391114/128372/127623/109/6546/1261/5593/817/5137/392138/83988/347169/5592/119682/144125/219957/5138/390265/283159/57101/1258/2788",23
"hsa03008","Genetic Information Processing","Translation","hsa03008","Ribosome biogenesis in eukaryotes","4/801","168/8541",0.99994006689556,0.999993247076909,0.761604764027615,"10199/29102/134430/10940",4
"hsa03010","Genetic Information Processing","Translation","hsa03010","Ribosome","3/801","172/8541",0.999993247076909,0.999993247076909,0.761604764027615,"6146/6157/6203",3
