"","ID","Description","GeneRatio","BgRatio","pvalue","p.adjust","qvalue","geneID","Count"
"C0149678","C0149678","Epstein-Barr Virus Infections","4/437","72/194515",2.29065509410846e-05,0.00776532076902769,0.00501532904815327,"rs4248166/rs2294884/rs2294882/rs2294881",4
"C0202177","C0202177","Phospholipid measurement","6/437","306/194515",7.64681343727597e-05,0.0099102079355818,0.0064006311150474,"rs6675668/rs9437689/rs2295600/rs603424/rs9586179/rs9586180",6
"C0027404","C0027404","Narcolepsy","7/437","454/194515",8.77009551821398e-05,0.0099102079355818,0.0064006311150474,"rs1479151/rs539703/rs1555115/rs4428528/rs7746922/rs9268878/rs2621416",7
"C0428568","C0428568","Fasting blood glucose measurement","5/437","212/194515",0.00012998010620335,0.0110158140007339,0.00711470055007812,"rs3749147/rs9356744/rs2908290/rs7801534/rs12255372",5
"C0003850","C0003850","Arteriosclerosis","5/437","267/194515",0.000376103856009544,0.0175807968114494,0.0113547763911861,"rs213045/rs5182/rs2229116/rs3825807/rs4380028",5
"C0855197","C0855197","Malignant Testicular Germ Cell Tumor","3/437","62/194515",0.000385963888014619,0.0175807968114494,0.0113547763911861,"rs380286/rs401681/rs31490",3
"C1335177","C1335177","Ovarian Serous Adenocarcinoma","3/437","65/194515",0.000443547316577096,0.0175807968114494,0.0113547763911861,"rs2165109/rs7705526/rs1011970",3
"C4082974","C4082974","Dupuytren's Disease","2/437","14/194515",0.000450129523599641,0.0175807968114494,0.0113547763911861,"rs2270941/rs11666105",2
"C0004153","C0004153","Atherosclerosis","5/437","281/194515",0.000474236119724128,0.0175807968114494,0.0113547763911861,"rs213045/rs5182/rs2229116/rs3825807/rs4380028",5
"C0006267","C0006267","Bronchiectasis","2/437","15/194515",0.000518607575558979,0.0175807968114494,0.0113547763911861,"rs7041/rs6647",2
"C0028043","C0028043","Nicotine Dependence","4/437","178/194515",0.000746486566085202,0.0230053587184439,0.0148582972005476,"rs401681/rs1541333/rs4424567/rs1880676",4
"C4021107","C4021107","Non-obstructive azoospermia","3/437","88/194515",0.00107253274856328,0.0284986817417891,0.0184062282325482,"rs3129878/rs7747521/rs7099208",3
"C0596263","C0596263","Carcinogenesis","5/437","355/194515",0.00134365894833589,0.0284986817417891,0.0184062282325482,"rs2234922/rs1047840/rs401681/rs2294008/rs12255372",5
"C0334037","C0334037","Intestinal metaplasia","2/437","24/194515",0.00134507052468621,0.0284986817417891,0.0184062282325482,"rs2075820/rs2294008",2
"C0374997","C0374997","Helicobacter pylori (H. pylori) infection in conditions classified elsewhere and of unspecified site","2/437","24/194515",0.00134507052468621,0.0284986817417891,0.0184062282325482,"rs1002765/rs2075820",2
"C0699893","C0699893","Skin carcinoma","2/437","24/194515",0.00134507052468621,0.0284986817417891,0.0184062282325482,"rs401681/rs8015138",2
"C0030920","C0030920","Peptic Ulcer","2/437","25/194515",0.00145986222461802,0.0291113702438534,0.0188019407257305,"rs3804099/rs2075820",2
"C0039590","C0039590","Testicular Neoplasms","2/437","31/194515",0.00224271419355743,0.0400713638115475,0.025880588954516,"rs2072499/rs12699477",2
"C0562350","C0562350","Hip circumference","3/437","116/194515",0.00236496696058238,0.0400713638115475,0.025880588954516,"rs7531118/rs2820443/rs12936587",3
"C0278996","C0278996","Malignant Head and Neck Neoplasm","3/437","118/194515",0.00248229687328171,0.0400713638115475,0.025880588954516,"rs2234922/rs401681/rs2285947",3
"C3887461","C3887461","Head and Neck Carcinoma","3/437","118/194515",0.00248229687328171,0.0400713638115475,0.025880588954516,"rs2234922/rs401681/rs2285947",3
"C0023343","C0023343","Leprosy","3/437","120/194515",0.002603166038587,0.0401124221400451,0.0259071069868945,"rs3804099/rs10982385/rs3088362",3
"C0855095","C0855095","Small Lymphocytic Lymphoma","3/437","122/194515",0.00272760968190496,0.0402025948767731,0.0259653461709946,"rs6793295/rs7705526/rs31490",3
"C0007137","C0007137","Squamous cell carcinoma","4/437","257/194515",0.00285381612960045,0.0403101528306063,0.0260348138138988,"rs1047840/rs12108497/rs401681/rs2285947",4
"C0177804","C0177804","Bone Mineral Density Test","4/437","314/194515",0.00578184341252252,0.0749547993692719,0.0484104898891742,"rs798943/rs798905/rs17536328/rs170183",4
"C0523979","C0523979","Vitamin D3 measurement","2/437","51/194515",0.00596985127719865,0.0749547993692719,0.0484104898891742,"rs7041/rs2302190",2
"C0919758","C0919758","Vitamin D measurement","2/437","51/194515",0.00596985127719865,0.0749547993692719,0.0484104898891742,"rs7041/rs2302190",2
"C0002171","C0002171","Alopecia Areata","2/437","54/194515",0.00667063162072896,0.0758253397433507,0.0489727392225336,"rs485774/rs9268528",2
"C0041296","C0041296","Tuberculosis","4/437","328/194515",0.00672387271817137,0.0758253397433507,0.0489727392225336,"rs7041/rs3804099/rs9268494/rs3744741",4
"C0279626","C0279626","Squamous cell carcinoma of esophagus","4/437","329/194515",0.0067948009740275,0.0758253397433507,0.0489727392225336,"rs2234922/rs401681/rs2285947/rs2294008",4
"C0007820","C0007820","Cerebrovascular Disorders","2/437","56/194515",0.0071575541940626,0.0758253397433507,0.0489727392225336,"rs5182/rs2228314",2
"C0850666","C0850666","Infection caused by Helicobacter pylori","2/437","56/194515",0.0071575541940626,0.0758253397433507,0.0489727392225336,"rs3804099/rs2075820",2
"C1168401","C1168401","Squamous cell carcinoma of the head and neck","4/437","348/194515",0.0082377206266402,0.0841800937880846,0.0543687610865443,"rs2234922/rs4075349/rs401681/rs1799801",4
"C0017154","C0017154","Gastritis, Atrophic","2/437","61/194515",0.00844284126488164,0.0841800937880846,0.0543687610865443,"rs1002765/rs2294008",2
"C3811653","C3811653","Experimental Organism Basal Cell Carcinoma","2/437","63/194515",0.00898375845319377,0.0870141175895053,0.0561991506244903,"rs7041/rs401681",2
"C2677123","C2677123","COLORECTAL CANCER, SUSCEPTIBILITY TO, 3","4/437","368/194515",0.00995914895817395,0.089941604512751,0.0580899044826959,"rs1011970/rs704017/rs11169552/rs12708491",4
"C2675481","C2675481","COLORECTAL CANCER, SUSCEPTIBILITY TO, 10","4/437","370/194515",0.0101431039811246,0.089941604512751,0.0580899044826959,"rs1011970/rs704017/rs11169552/rs12708491",4
"C3554460","C3554460","COLORECTAL CANCER, SUSCEPTIBILITY TO, 12","4/437","373/194515",0.010423139422654,0.089941604512751,0.0580899044826959,"rs1011970/rs704017/rs11169552/rs12708491",4
"C1837315","C1837315","COLORECTAL CANCER, SUSCEPTIBILITY TO, 1","4/437","374/194515",0.010517583386821,0.089941604512751,0.0580899044826959,"rs1011970/rs704017/rs11169552/rs12708491",4
"C0346629","C0346629","Malignant neoplasm of large intestine","4/437","375/194515",0.0106125787035694,0.089941604512751,0.0580899044826959,"rs1011970/rs704017/rs11169552/rs12708491",4
"C1629609","C1629609","Age at menopause","3/437","209/194515",0.0120087145132044,0.0986711178227935,0.0637279692816055,"rs2303369/rs9313736/rs9635759",3
"C0023980","C0023980","Longevity","2/437","74/194515",0.0122247402612311,0.0986711178227935,0.0637279692816055,"rs4721135/rs2282032",2
"C1302401","C1302401","Adenoma of large intestine","3/437","213/194515",0.0126320196447097,0.0995873176641064,0.0643197083500517,"rs2234922/rs704017/rs12708491",3
"C0577631","C0577631","Carotid Atherosclerosis","2/437","79/194515",0.0138423954128296,0.102251512000541,0.066040411414726,"rs5182/rs2229116",2
"C0339573","C0339573","Glaucoma, Primary Open Angle","3/437","222/194515",0.0141011326453301,0.102251512000541,0.066040411414726,"rs10063949/rs1052990/rs1011970",3
"C0400966","C0400966","Non-alcoholic Fatty Liver Disease","3/437","222/194515",0.0141011326453301,0.102251512000541,0.066040411414726,"rs5182/rs9891119/rs2228314",3
"C0263361","C0263361","Psoriasis vulgaris","2/437","80/194515",0.0141764633157092,0.102251512000541,0.066040411414726,"rs7637230/rs3804099",2
"C0020473","C0020473","Hyperlipidemia","2/437","83/194515",0.0151994293585581,0.104969640397398,0.0677959484634647,"rs4713518/rs2228314",2
"C1263846","C1263846","Attention deficit hyperactivity disorder","4/437","420/194515",0.0154756843835366,0.104969640397398,0.0677959484634647,"rs1541665/rs736707/rs1108580/rs3693",4
"C1319315","C1319315","Adenocarcinoma of large intestine","4/437","432/194515",0.0169735108987096,0.104969640397398,0.0677959484634647,"rs1011970/rs704017/rs11169552/rs12708491",4
"C0010278","C0010278","Craniosynostosis","2/437","90/194515",0.0177052740202826,0.104969640397398,0.0677959484634647,"rs3804099/rs1884302",2
"C4721806","C4721806","Carcinoma, Basal Cell","2/437","91/194515",0.018076595467088,0.104969640397398,0.0677959484634647,"rs7041/rs401681",2
"C0005910","C0005910","Body Weight","2/437","92/194515",0.0184512026903124,0.104969640397398,0.0677959484634647,"rs7531118/rs13029479",2
"C0026896","C0026896","Myasthenia Gravis","2/437","93/194515",0.0188290791237655,0.104969640397398,0.0677959484634647,"rs3129890/rs8058694",2
"C1336708","C1336708","Testicular Germ Cell Tumor","2/437","93/194515",0.0188290791237655,0.104969640397398,0.0677959484634647,"rs2072499/rs12699477",2
"C0005893","C0005893","Body mass index procedure","3/437","252/194515",0.0196722657110492,0.104969640397398,0.0677959484634647,"rs6545814/rs9356744/rs1167800",3
"C0578022","C0578022","Finding of body mass index","3/437","252/194515",0.0196722657110492,0.104969640397398,0.0677959484634647,"rs6545814/rs9356744/rs1167800",3
"C0231921","C0231921","Pulmonary function","3/437","259/194515",0.0211225554015162,0.104969640397398,0.0677959484634647,"rs2277027/rs1422795/rs17786786",3
"C3160731","C3160731","Pulmonary function (finding)","3/437","259/194515",0.0211225554015162,0.104969640397398,0.0677959484634647,"rs2277027/rs1422795/rs17786786",3
"C0266929","C0266929","Chronic Periodontitis","2/437","99/194515",0.0211640706619869,0.104969640397398,0.0677959484634647,"rs7041/rs113420705",2
"C0016689","C0016689","Freckles","1/437","10/194515",0.0222408712135289,0.104969640397398,0.0677959484634647,"rs2153271",1
"C0041318","C0041318","Tuberculosis, Meningeal","1/437","10/194515",0.0222408712135289,0.104969640397398,0.0677959484634647,"rs3804099",1
"C0206733","C0206733","Strawberry nevus of skin","1/437","10/194515",0.0222408712135289,0.104969640397398,0.0677959484634647,"rs1870377",1
"C0520575","C0520575","Acute pyelonephritis","1/437","10/194515",0.0222408712135289,0.104969640397398,0.0677959484634647,"rs3804099",1
"C4551858","C4551858","Vesicoureteral Reflux 1","1/437","10/194515",0.0222408712135289,0.104969640397398,0.0677959484634647,"rs3804099",1
"C4048328","C4048328","cervical cancer","3/437","268/194515",0.0230711014084474,0.104969640397398,0.0677959484634647,"rs1047840/rs401681/rs2294008",3
"C0014859","C0014859","Esophageal Neoplasms","3/437","270/194515",0.0235169285585862,0.104969640397398,0.0677959484634647,"rs2234922/rs10274928/rs753955",3
"C0152018","C0152018","Esophageal carcinoma","3/437","272/194515",0.0239674148856545,0.104969640397398,0.0677959484634647,"rs2234922/rs401681/rs753955",3
"C0001818","C0001818","Agoraphobia","1/437","11/194515",0.0244376308818134,0.104969640397398,0.0677959484634647,"rs17303244",1
"C0342546","C0342546","Premature adrenarche","1/437","11/194515",0.0244376308818134,0.104969640397398,0.0677959484634647,"rs12255372",1
"C0424000","C0424000","Feeling suicidal (finding)","1/437","11/194515",0.0244376308818134,0.104969640397398,0.0677959484634647,"rs11143230",1
"C1136179","C1136179","Hammer Toe","1/437","11/194515",0.0244376308818134,0.104969640397398,0.0677959484634647,"rs25640",1
"C2697760","C2697760","Interleukin 12 Measurement","1/437","11/194515",0.0244376308818134,0.104969640397398,0.0677959484634647,"rs12199215",1
"C2700406","C2700406","SCOLIOSIS, IDIOPATHIC, SUSCEPTIBILITY TO, 1 (finding)","1/437","11/194515",0.0244376308818134,0.104969640397398,0.0677959484634647,"rs10510181",1
"C0035227","C0035227","Respiratory Function Tests","2/437","108/194515",0.024878440463324,0.104969640397398,0.0677959484634647,"rs2277027/rs937965",2
"C0008313","C0008313","Cholangitis, Sclerosing","3/437","276/194515",0.0248823596439201,0.104969640397398,0.0677959484634647,"rs3766606/rs35320439/rs2236379",3
"C0007117","C0007117","Basal cell carcinoma","2/437","109/194515",0.0253064176906911,0.104969640397398,0.0677959484634647,"rs401681/rs73183643",2
"C0206710","C0206710","Basal Cell Neoplasm","2/437","109/194515",0.0253064176906911,0.104969640397398,0.0677959484634647,"rs401681/rs73183643",2
"C0751676","C0751676","Basal Cell Cancer","2/437","109/194515",0.0253064176906911,0.104969640397398,0.0677959484634647,"rs401681/rs73183643",2
"C0005695","C0005695","Bladder Neoplasm","3/437","281/194515",0.0260522192804518,0.104969640397398,0.0677959484634647,"rs2234922/rs401681/rs2294008",3
"C0302592","C0302592","Cervix carcinoma","3/437","283/194515",0.0265283001709891,0.104969640397398,0.0677959484634647,"rs1047840/rs401681/rs2294008",3
"C0006287","C0006287","Bronchopulmonary Dysplasia","2/437","112/194515",0.0266082646986288,0.104969640397398,0.0677959484634647,"rs2229569/rs6746896",2
"C0079218","C0079218","Fibromatosis, Aggressive","1/437","12/194515",0.0266294662955051,0.104969640397398,0.0677959484634647,"rs1870377",1
"C0271907","C0271907","Acquired aplastic anemia","1/437","12/194515",0.0266294662955051,0.104969640397398,0.0677959484634647,"rs2234922",1
"C0746102","C0746102","Chronic lung disease","1/437","12/194515",0.0266294662955051,0.104969640397398,0.0677959484634647,"rs11127",1
"C1456145","C1456145","Dental caries of smooth surface","1/437","12/194515",0.0266294662955051,0.104969640397398,0.0677959484634647,"rs16954776",1
"C0031099","C0031099","Periodontitis","2/437","116/194515",0.0283852859100936,0.105040383768803,0.067841638950197,"rs6785049/rs7041",2
"C0271183","C0271183","Severe myopia","2/437","116/194515",0.0283852859100936,0.105040383768803,0.067841638950197,"rs524952/rs3784757",2
"C1281901","C1281901","Fatty acid measurement","2/437","116/194515",0.0283852859100936,0.105040383768803,0.067841638950197,"rs6675668/rs603424",2
"C0023434","C0023434","Chronic Lymphocytic Leukemia","3/437","291/194515",0.028479046072058,0.105040383768803,0.067841638950197,"rs6793295/rs7705526/rs31490",3
"C0018378","C0018378","Guillain-Barre Syndrome","1/437","13/194515",0.0288163884675476,0.105040383768803,0.067841638950197,"rs2075820",1
"C0238013","C0238013","Invasive aspergillosis","1/437","13/194515",0.0288163884675476,0.105040383768803,0.067841638950197,"rs334558",1
"C0432123","C0432123","Sagittal craniosynostosis","1/437","13/194515",0.0288163884675476,0.105040383768803,0.067841638950197,"rs1884302",1
"C0024517","C0024517","Major depression, single episode","1/437","14/194515",0.0309984083863128,0.108334643741856,0.0699692777466421,"rs334558",1
"C0341439","C0341439","Chronic liver disease","1/437","14/194515",0.0309984083863128,0.108334643741856,0.0699692777466421,"rs11127",1
"C0375023","C0375023","Respiratory syncytial virus (RSV) infection in conditions classified elsewhere and of unspecified site","1/437","14/194515",0.0309984083863128,0.108334643741856,0.0699692777466421,"rs7041",1
"C1860224","C1860224","ABLEPHARON-MACROSTOMIA SYNDROME","1/437","14/194515",0.0309984083863128,0.108334643741856,0.0699692777466421,"rs3025000",1
"C1561643","C1561643","Chronic Kidney Diseases","3/437","306/194515",0.0323361670114839,0.109189388818508,0.0705213254906058,"rs5182/rs7041/rs603424",3
"C0699885","C0699885","Carcinoma of bladder","3/437","309/194515",0.0331386681886976,0.109189388818508,0.0705213254906058,"rs2234922/rs401681/rs2294008",3
"C0007104","C0007104","Female Breast Carcinoma","1/437","15/194515",0.0331755370156528,0.109189388818508,0.0705213254906058,"rs3804099",1
"C0085166","C0085166","Bacterial Vaginosis","1/437","15/194515",0.0331755370156528,0.109189388818508,0.0705213254906058,"rs3804099",1
"C0235653","C0235653","Malignant neoplasm of female breast","1/437","15/194515",0.0331755370156528,0.109189388818508,0.0705213254906058,"rs3804099",1
"C0678202","C0678202","Regional enteritis","1/437","15/194515",0.0331755370156528,0.109189388818508,0.0705213254906058,"rs2236379",1
"C0079744","C0079744","Diffuse Large B-Cell Lymphoma","2/437","127/194515",0.0335075014861215,0.109221567344184,0.0705421083918347,"rs2234922/rs1870377",2
"C0677886","C0677886","Epithelial ovarian cancer","2/437","129/194515",0.034474807261415,0.109259374044454,0.07056652631966,"rs7572644/rs3814113",2
"C0005684","C0005684","Malignant neoplasm of urinary bladder","3/437","316/194515",0.035051237667227,0.109259374044454,0.07056652631966,"rs2234922/rs401681/rs2294008",3
"C0018939","C0018939","Hematological Disease","1/437","16/194515",0.0353477852949543,0.109259374044454,0.07056652631966,"rs1639150",1
"C0085437","C0085437","Meningitis, Bacterial","1/437","16/194515",0.0353477852949543,0.109259374044454,0.07056652631966,"rs3804099",1
"C0362046","C0362046","Prediabetes syndrome","1/437","16/194515",0.0353477852949543,0.109259374044454,0.07056652631966,"rs9356744",1
"C0677607","C0677607","Hashimoto Disease","2/437","131/194515",0.0354528942327138,0.109259374044454,0.07056652631966,"rs7041/rs2298428",2
"C2931822","C2931822","Nasopharyngeal carcinoma","3/437","320/194515",0.0361692313522961,0.110462787643499,0.0713437659675448,"rs401681/rs2294008/rs3814113",3
"C0373721","C0373721","Selenium measurement","1/437","17/194515",0.0375151641391953,0.110588179505976,0.0714247518622666,"rs11951068",1
"C0751674","C0751674","Lymphangioleiomyomatosis","1/437","17/194515",0.0375151641391953,0.110588179505976,0.0714247518622666,"rs7041",1
"C0867389","C0867389","Chronic graft-versus-host disease","1/437","17/194515",0.0375151641391953,0.110588179505976,0.0714247518622666,"rs2229569",1
"C1332347","C1332347","Atypical Ductal Breast Hyperplasia","1/437","17/194515",0.0375151641391953,0.110588179505976,0.0714247518622666,"rs965814",1
"C0032927","C0032927","Precancerous Conditions","1/437","18/194515",0.0396776844389987,0.114963547220688,0.0742506375466642,"rs3804099",1
"C0085096","C0085096","Peripheral Vascular Diseases","1/437","18/194515",0.0396776844389987,0.114963547220688,0.0742506375466642,"rs3825807",1
"C0036690","C0036690","Septicemia","2/437","141/194515",0.0405010233893825,0.116354634991531,0.0751490888937694,"rs2972164/rs3804099",2
"C0521585","C0521585","Gastrointestinal mucositis","1/437","19/194515",0.0418353570606853,0.117852460916116,0.0761164784056892,"rs1870377",1
"C0206062","C0206062","Lung Diseases, Interstitial","2/437","144/194515",0.0420653326573749,0.117852460916116,0.0761164784056892,"rs6793295/rs10936601",2
"C0243026","C0243026","Sepsis","2/437","144/194515",0.0420653326573749,0.117852460916116,0.0761164784056892,"rs2972164/rs3804099",2
"C3548805","C3548805","response to aromatase inhibitor","1/437","20/194515",0.0439881928463288,0.122229486679553,0.0789434349614875,"rs16960359",1
"C0004936","C0004936","Mental disorders","2/437","149/194515",0.0447219953530168,0.122746820249674,0.0792775612853042,"rs736707/rs6024905",2
"C0409959","C0409959","Osteoarthritis, Knee","2/437","150/194515",0.0452606269357206,0.122746820249674,0.0792775612853042,"rs2820443/rs2228314",2
"C0857490","C0857490","Granulocyte count","2/437","150/194515",0.0452606269357206,0.122746820249674,0.0792775612853042,"rs7705526/rs6500550",2
"C0017152","C0017152","Gastritis","1/437","21/194515",0.0461362026138096,0.12412835465144,0.0801698424701119,"rs2294008",1
"C0001807","C0001807","Aggressive behavior","1/437","22/194515",0.0482793971568686,0.125897812585988,0.0813126688957787,"rs6954895",1
"C0152268","C0152268","Nodular Sclerosis Classical Hodgkin Lymphoma","1/437","22/194515",0.0482793971568686,0.125897812585988,0.0813126688957787,"rs9268528",1
"C0333983","C0333983","Hyperplastic Polyp","1/437","22/194515",0.0482793971568686,0.125897812585988,0.0813126688957787,"rs2234922",1
"C1847540","C1847540","Azoospermia, Nonobstructive","1/437","22/194515",0.0482793971568686,0.125897812585988,0.0813126688957787,"rs3129878",1
"C0032460","C0032460","Polycystic Ovary Syndrome","3/437","363/194515",0.0493213009650635,0.127549476687389,0.0823794167085136,"rs7041/rs12255372/rs2228314",3
"C0025209","C0025209","Melanosis","1/437","23/194515",0.0504177872451624,0.127549476687389,0.0823794167085136,"rs2153271",1
"C0042963","C0042963","Vomiting","1/437","23/194515",0.0504177872451624,0.127549476687389,0.0823794167085136,"rs1799801",1
"C0947785","C0947785","[D]Sleep disturbances (& [hypersomnia] or [insomnia])","1/437","23/194515",0.0504177872451624,0.127549476687389,0.0823794167085136,"rs11600996",1
"C0151332","C0151332","Active tuberculosis","1/437","25/194515",0.0546801970159673,0.136298432267742,0.0880300385396377,"rs7041",1
"C0553580","C0553580","Ewings sarcoma","1/437","25/194515",0.0546801970159673,0.136298432267742,0.0880300385396377,"rs9430161",1
"C0001418","C0001418","Adenocarcinoma","2/437","168/194515",0.0553537830632982,0.136970309915752,0.0884639790792625,"rs401681/rs2294008",2
"C3662483","C3662483","Allergic sensitization","1/437","26/194515",0.0568042381178444,0.139540845811226,0.0901241916743832,"rs10056340",1
"C0220641","C0220641","Lip and Oral Cavity Carcinoma","2/437","172/194515",0.0576946707889306,0.140708585593147,0.0908783909435636,"rs2234922/rs1047840",2
"C0019159","C0019159","Hepatitis A","1/437","27/194515",0.0589235176037917,0.141667180621882,0.09149751147136,"rs3804099",1
"C0220597","C0220597","Adult Hodgkin Lymphoma","1/437","27/194515",0.0589235176037917,0.141667180621882,0.09149751147136,"rs9268403",1
"C0020474","C0020474","Hyperlipidemia, Familial Combined","1/437","28/194515",0.0610380461238401,0.145508701927697,0.0939786058095358,"rs12255372",1
"C0033975","C0033975","Psychotic Disorders","2/437","179/194515",0.0618722281042437,0.145508701927697,0.0939786058095358,"rs2007044/rs6024905",2
"C0020490","C0020490","Hyperopia","1/437","29/194515",0.0631478343042529,0.145508701927697,0.0939786058095358,"rs1357179",1
"C0220644","C0220644","Childhood Hodgkin Lymphoma","1/437","29/194515",0.0631478343042529,0.145508701927697,0.0939786058095358,"rs9268403",1
"C1561826","C1561826","Overweight and obesity","1/437","29/194515",0.0631478343042529,0.145508701927697,0.0939786058095358,"rs3923113",1
"C0153381","C0153381","Malignant neoplasm of mouth","2/437","184/194515",0.0649173520497109,0.145508701927697,0.0939786058095358,"rs2234922/rs1047840",2
"C1861172","C1861172","Venous Thromboembolism","3/437","408/194515",0.0652248581549586,0.145508701927697,0.0939786058095358,"rs698078/rs710446/rs12541254",3
"C0221775","C0221775","Lumbar disc disease","1/437","30/194515",0.0652528927475803,0.145508701927697,0.0939786058095358,"rs7041",1
"C0278877","C0278877","Adult Meningioma","1/437","30/194515",0.0652528927475803,0.145508701927697,0.0939786058095358,"rs11012732",1
"C0917801","C0917801","Sleeplessness","1/437","30/194515",0.0652528927475803,0.145508701927697,0.0939786058095358,"rs334558",1
"C1762616","C1762616","Meningioma, benign, no ICD-O subtype","1/437","30/194515",0.0652528927475803,0.145508701927697,0.0939786058095358,"rs11012732",1
"C0268140","C0268140","Xeroderma pigmentosum, group F","1/437","31/194515",0.0673532320327146,0.145508701927697,0.0939786058095358,"rs1799801",1
"C2931171","C2931171","Juvenile pauciarticular chronic arthritis","1/437","31/194515",0.0673532320327146,0.145508701927697,0.0939786058095358,"rs2266959",1
"C3890205","C3890205","Polyarticular Juvenile Idiopathic Arthritis, Rheumatoid Factor Negative","1/437","31/194515",0.0673532320327146,0.145508701927697,0.0939786058095358,"rs2266959",1
"C4025843","C4025843","Abnormality of refraction","1/437","31/194515",0.0673532320327146,0.145508701927697,0.0939786058095358,"rs524952",1
"C0686619","C0686619","Secondary malignant neoplasm of lymph node","2/437","188/194515",0.0673889858485205,0.145508701927697,0.0939786058095358,"rs2881766/rs2294008",2
"C0006271","C0006271","Bronchiolitis","1/437","32/194515",0.0694488627149384,0.147144777877276,0.0950352858204421,"rs7041",1
"C0022660","C0022660","Kidney Failure, Acute","1/437","32/194515",0.0694488627149384,0.147144777877276,0.0950352858204421,"rs12457893",1
"C3853540","C3853540","Aspirin exacerbated respiratory disease","1/437","32/194515",0.0694488627149384,0.147144777877276,0.0950352858204421,"rs3129878",1
"C0013295","C0013295","Duodenal Ulcer","1/437","33/194515",0.0715397953259821,0.147877991557975,0.0955088410000274,"rs2294008",1
"C0013312","C0013312","Dupuytren Contracture","1/437","33/194515",0.0715397953259821,0.147877991557975,0.0955088410000274,"rs1509406",1
"C0017665","C0017665","Membranous glomerulonephritis","1/437","33/194515",0.0715397953259821,0.147877991557975,0.0955088410000274,"rs4326755",1
"C0280313","C0280313","Squamous cell carcinoma of oropharynx","1/437","33/194515",0.0715397953259821,0.147877991557975,0.0955088410000274,"rs1799801",1
"C0027430","C0027430","Nasal Polyps","1/437","34/194515",0.0736260403740715,0.150969877815357,0.097505774213924,"rs3129878",1
"C0026603","C0026603","Motion Sickness","1/437","35/194515",0.0757076083439843,0.150969877815357,0.097505774213924,"rs66800491",1
"C0346163","C0346163","Endometrioid carcinoma ovary","1/437","35/194515",0.0757076083439843,0.150969877815357,0.097505774213924,"rs1011970",1
"C1842247","C1842247","CORONARY ARTERY DISEASE, AUTOSOMAL DOMINANT, 1","1/437","35/194515",0.0757076083439843,0.150969877815357,0.097505774213924,"rs12936587",1
"C3898105","C3898105","Oligoarticular Juvenile Idiopathic Arthritis","1/437","35/194515",0.0757076083439843,0.150969877815357,0.097505774213924,"rs2266959",1
"C4699512","C4699512","Large-artery atherosclerosis (embolus/thrombosis)","1/437","35/194515",0.0757076083439843,0.150969877815357,0.097505774213924,"rs6007897",1
"C0023892","C0023892","Biliary cirrhosis","1/437","36/194515",0.0777845096970979,0.153307841786722,0.0990157773377991,"rs538147",1
"C0027439","C0027439","Nasopharyngeal Neoplasms","1/437","36/194515",0.0777845096970979,0.153307841786722,0.0990157773377991,"rs401681",1
"C0042870","C0042870","Vitamin D Deficiency","1/437","37/194515",0.0798567548714486,0.156482311568908,0.101066048148837,"rs7041",1
"C0007114","C0007114","Malignant neoplasm of skin","1/437","38/194515",0.0819243542817735,0.158699177722978,0.102497838740505,"rs401681",1
"C0851578","C0851578","Sleep Disorders","1/437","38/194515",0.0819243542817735,0.158699177722978,0.102497838740505,"rs11600996",1
"C0013146","C0013146","Drug abuse","1/437","39/194515",0.0839873183195712,0.159408956935589,0.102956258477263,"rs3804099",1
"C0030809","C0030809","Pemphigus Vulgaris","1/437","39/194515",0.0839873183195712,0.159408956935589,0.102956258477263,"rs1051336",1
"C0600427","C0600427","Cocaine Dependence","1/437","39/194515",0.0839873183195712,0.159408956935589,0.102956258477263,"rs1108580",1
"C0546837","C0546837","Malignant neoplasm of esophagus","2/437","214/194515",0.0841716911252815,0.159408956935589,0.102956258477263,"rs2234922/rs753955",2
"C0341106","C0341106","Eosinophilic esophagitis","1/437","40/194515",0.0860456573531507,0.161157336147614,0.10408547094769,"rs8041227",1
"C4733092","C4733092","estrogen receptor-negative breast cancer","1/437","40/194515",0.0860456573531507,0.161157336147614,0.10408547094769,"rs1011970",1
"C0087031","C0087031","Juvenile-Onset Still Disease","1/437","41/194515",0.0880993817276803,0.163630557132442,0.105682831496811,"rs2266959",1
"C0019158","C0019158","Hepatitis","1/437","42/194515",0.0901485017652429,0.163630557132442,0.105682831496811,"rs3804099",1
"C0153535","C0153535","Malignant melanoma of skin of upper limb","1/437","42/194515",0.0901485017652429,0.163630557132442,0.105682831496811,"rs380286",1
"C0153536","C0153536","Malignant melanoma of skin of lower limb","1/437","42/194515",0.0901485017652429,0.163630557132442,0.105682831496811,"rs380286",1
"C1858558","C1858558","Rheumatoid Arthritis, Systemic Juvenile","1/437","42/194515",0.0901485017652429,0.163630557132442,0.105682831496811,"rs2266959",1
"C0085207","C0085207","Gestational Diabetes","2/437","224/194515",0.090930796953123,0.163630557132442,0.105682831496811,"rs13389219/rs12255372",2
"C0041696","C0041696","Unipolar Depression","2/437","225/194515",0.0916152753752251,0.163630557132442,0.105682831496811,"rs334558/rs3810950",2
"C0025286","C0025286","Meningioma","1/437","43/194515",0.0921930277648865,0.163630557132442,0.105682831496811,"rs11012732",1
"C0158646","C0158646","Cleft palate with cleft lip","1/437","43/194515",0.0921930277648865,0.163630557132442,0.105682831496811,"rs401681",1
"C0852036","C0852036","Pregnancy associated hypertension","1/437","43/194515",0.0921930277648865,0.163630557132442,0.105682831496811,"rs2881766",1
"C0030605","C0030605","Activated Partial Thromboplastin Time measurement","1/437","44/194515",0.0942329700026725,0.166380087660969,0.107458650003048,"rs710446",1
"C0200633","C0200633","Neutrophil count (procedure)","2/437","234/194515",0.0978425984133287,0.170889281424633,0.110370968906455,"rs7705526/rs6500550",2
"C1332201","C1332201","Adult Diffuse Large B-Cell Lymphoma","1/437","46/194515",0.0982991441823111,0.170889281424633,0.110370968906455,"rs2234922",1
"C2239222","C2239222","Vascular Endothelial Growth Factor Measurement","1/437","46/194515",0.0982991441823111,0.170889281424633,0.110370968906455,"rs12199215",1
"C0009241","C0009241","Cognition Disorders","1/437","47/194515",0.100325396561828,0.172641164641928,0.111502444482288,"rs1108580",1
"C0342870","C0342870","Bifunctional peroxisomal enzyme deficiency","1/437","47/194515",0.100325396561828,0.172641164641928,0.111502444482288,"rs25640",1
"C0004943","C0004943","Behcet Syndrome","2/437","243/194515",0.104185420988474,0.177481697060767,0.114628762579225,"rs936551/rs3804099",2
"C0494463","C0494463","Alzheimer Disease, Late Onset","2/437","243/194515",0.104185420988474,0.177481697060767,0.114628762579225,"rs334558/rs710446",2
"C0007847","C0007847","Malignant tumor of cervix","2/437","245/194515",0.105609902995417,0.179008785577231,0.115615051700245,"rs1047840/rs2294008",2
"C0029408","C0029408","Degenerative polyarthritis","2/437","247/194515",0.107039660628422,0.180529576880771,0.116597273687938,"rs3204689/rs2228314",2
"C0042900","C0042900","Vitiligo","2/437","249/194515",0.108474618118037,0.181147268679875,0.116996217622773,"rs853308/rs229527",2
"C0162701","C0162701","Polysomnography","2/437","249/194515",0.108474618118037,0.181147268679875,0.116996217622773,"rs12636651/rs2198776",2
"C0523744","C0523744","Lipids measurement","1/437","53/194515",0.112387865098037,0.185851152527974,0.12003427953988,"rs12713956",1
"C1384600","C1384600","Systemic onset juvenile chronic arthritis","1/437","53/194515",0.112387865098037,0.185851152527974,0.12003427953988,"rs2266959",1
"C0043144","C0043144","Wheezing","1/437","54/194515",0.114382529880628,0.188231444803557,0.121571620925757,"rs2234922",1
"C0152136","C0152136","Low Tension Glaucoma","1/437","56/194515",0.118358452767315,0.192465499705394,0.124306237971501,"rs1052990",1
"C0595921","C0595921","Intraocular pressure disorder","1/437","56/194515",0.118358452767315,0.192465499705394,0.124306237971501,"rs3211931",1
"C0007570","C0007570","Celiac Disease","2/437","263/194515",0.118658670909815,0.192465499705394,0.124306237971501,"rs4678523/rs2298428",2
"C0344315","C0344315","Depressed mood","2/437","269/194515",0.123093919545323,0.19870875583745,0.12833852263372,"rs334558/rs7041",2
"C0004114","C0004114","Astrocytoma","1/437","59/194515",0.124288970129668,0.199212447249796,0.128663838000179,"rs1870377",1
"C0011570","C0011570","Mental Depression","2/437","271/194515",0.12458123544825,0.199212447249796,0.128663838000179,"rs334558/rs7041",2
"C0036337","C0036337","Schizoaffective Disorder","1/437","61/194515",0.128220519662534,0.204069277772765,0.131800682430477,"rs4721295",1
"C0020676","C0020676","Hypothyroidism","2/437","283/194515",0.133593764715677,0.209468956935682,0.135288132409942,"rs7705526/rs9497965",2
"C0149782","C0149782","Squamous cell carcinoma of lung","2/437","283/194515",0.133593764715677,0.209468956935682,0.135288132409942,"rs401681/rs1011970",2
"C0085584","C0085584","Encephalopathies","1/437","64/194515",0.13408484853995,0.209468956935682,0.135288132409942,"rs7041",1
"C0239946","C0239946","Fibrosis, Liver","1/437","64/194515",0.13408484853995,0.209468956935682,0.135288132409942,"rs7041",1
"C0002962","C0002962","Angina Pectoris","1/437","65/194515",0.136030865383206,0.211534235618839,0.136622018347209,"rs1108580",1
"C0686347","C0686347","Tardive Dyskinesia","1/437","67/194515",0.139909818627746,0.214612798709529,0.138610346628108,"rs334558",1
"C1504336","C1504336","Polypoidal choroidal vasculopathy","1/437","67/194515",0.139909818627746,0.214612798709529,0.138610346628108,"rs2511989",1
"C3714760","C3714760","Drug-induced tardive dyskinesia","1/437","67/194515",0.139909818627746,0.214612798709529,0.138610346628108,"rs334558",1
"C0085580","C0085580","Essential Hypertension","2/437","293/194515",0.141212925863583,0.215635954359255,0.139271164436346,"rs2228099/rs5182",2
"C0011581","C0011581","Depressive disorder","2/437","297/194515",0.144286292427676,0.219341045439381,0.141664143615561,"rs334558/rs7041",2
"C0037290","C0037290","Skin Pigmentation","1/437","72/194515",0.149531353166951,0.226299681801769,0.146158465501531,"rs8015138",1
"C0037317","C0037317","Sleep disturbances","1/437","74/194515",0.153349830718777,0.231047078282957,0.149224630594178,"rs11600996",1
"C0034951","C0034951","Refractive Errors","1/437","75/194515",0.155252650206313,0.231853076739824,0.149745194727164,"rs524952",1
"C0235782","C0235782","Gallbladder Carcinoma","1/437","75/194515",0.155252650206313,0.231853076739824,0.149745194727164,"rs2294008",1
"C3160718","C3160718","PARKINSON DISEASE, LATE-ONSET","1/437","76/194515",0.157151202931368,0.233659025411113,0.150911589149236,"rs10475878",1
"C1140680","C1140680","Malignant neoplasm of ovary","2/437","315/194515",0.15828174846685,0.2343122826649,0.151333503475545,"rs2153271/rs3814113",2
"C0264408","C0264408","Childhood asthma","2/437","317/194515",0.159852291910077,0.235608378076157,0.152170602825154,"rs917115/rs2075820",2
"C2937358","C2937358","Cerebral Hemorrhage","1/437","78/194515",0.160935546255231,0.236178139309625,0.152538590207738,"rs2072499",1
"C0201850","C0201850","Alkaline phosphatase measurement","1/437","79/194515",0.162821355881416,0.237915688119828,0.153660807728378,"rs2236653",1
"C0235974","C0235974","Pancreatic carcinoma","2/437","322/194515",0.163791139540656,0.238305563537693,0.153912613618507,"rs401681/rs31490",2
"C1832661","C1832661","ANOPHTHALMIA AND PULMONARY HYPOPLASIA","1/437","80/194515",0.164702936799969,0.238608100748673,0.154108011040907,"rs401681",1
"C0271650","C0271650","Impaired glucose tolerance","1/437","81/194515",0.166580298471574,0.239282716872303,0.154543720259087,"rs12255372",1
"C0279628","C0279628","Adenocarcinoma Of Esophagus","1/437","81/194515",0.166580298471574,0.239282716872303,0.154543720259087,"rs2294008",1
"C4721610","C4721610","Carcinoma, Ovarian Epithelial","2/437","327/194515",0.167747118400455,0.239582133667934,0.154737102322404,"rs7572644/rs3814113",2
"C0006012","C0006012","Borderline Personality Disorder","1/437","82/194515",0.168453450335795,0.239582133667934,0.154737102322404,"rs6746896",1
"C0024301","C0024301","Lymphoma, Follicular","1/437","83/194515",0.170322401811127,0.239582133667934,0.154737102322404,"rs2621416",1
"C0202230","C0202230","Thyroid stimulating hormone measurement","1/437","83/194515",0.170322401811127,0.239582133667934,0.154737102322404,"rs9497965",1
"C0391826","C0391826","Lhermitte-Duclos disease","1/437","83/194515",0.170322401811127,0.239582133667934,0.154737102322404,"rs7041",1
"C2939419","C2939419","Secondary Neoplasm","1/437","85/194515",0.174047741164034,0.243810678738048,0.157468160774768,"rs1870377",1
"C4551472","C4551472","Hypertrophic obstructive cardiomyopathy","1/437","90/194515",0.183288237999993,0.255400935219227,0.164953872149043,"rs5182",1
"C0024299","C0024299","Lymphoma","1/437","91/194515",0.185123922917026,0.255400935219227,0.164953872149043,"rs2621416",1
"C0346153","C0346153","Breast Cancer, Familial","1/437","91/194515",0.185123922917026,0.255400935219227,0.164953872149043,"rs12255372",1
"C0019202","C0019202","Hepatolenticular Degeneration","2/437","349/194515",0.185335191928997,0.255400935219227,0.164953872149043,"rs1870377/rs1108580",2
"C0018213","C0018213","Graves Disease","2/437","352/194515",0.187754030014064,0.257686705161003,0.166430165109419,"rs7041/rs229527",2
"C4049938","C4049938","Physical Activity Measurement","2/437","355/194515",0.19017724105303,0.259500163947156,0.16760141003263,"rs7531118/rs1167827",2
"C2363741","C2363741","HIV-1 infection","1/437","94/194515",0.190606315111628,0.259500163947156,0.16760141003263,"rs2229116",1
"C0201544","C0201544","Prostate specific antigen measurement","1/437","95/194515",0.192425588957026,0.260929098625728,0.168524305276048,"rs401681",1
"C1270972","C1270972","Mild cognitive disorder","1/437","96/194515",0.194240782957776,0.262341137142175,0.169436287922908,"rs640476",1
"C0349204","C0349204","Nonorganic psychosis","1/437","98/194515",0.197858967918512,0.265115375985674,0.171228064601833,"rs2007044",1
"C0518026","C0518026","body fat percentage (physical finding)","1/437","98/194515",0.197858967918512,0.265115375985674,0.171228064601833,"rs1128249",1
"C0023895","C0023895","Liver diseases","1/437","100/194515",0.201460942776698,0.267927662614235,0.173044414916196,"rs1870377",1
"C0005612","C0005612","Birth Weight","2/437","369/194515",0.201538507276194,0.267927662614235,0.173044414916196,"rs2282978/rs7780752",2
"C0200665","C0200665","Platelet mean volume determination (procedure)","2/437","371/194515",0.203168055949642,0.268107942843617,0.173160851145699,"rs603424/rs160189",2
"C0149745","C0149745","Oral Ulcer","1/437","101/194515",0.203255874073185,0.268107942843617,0.173160851145699,"rs1639150",1
"C0001430","C0001430","Adenoma","1/437","103/194515",0.206833669535773,0.271769821599329,0.175525921107469,"rs2234922",1
"C0337438","C0337438","Glucose measurement","1/437","111/194515",0.220985270697795,0.288130795255972,0.186092859534986,"rs603424",1
"C0495706","C0495706","elevated blood glucose level","1/437","111/194515",0.220985270697795,0.288130795255972,0.186092859534986,"rs603424",1
"C0007113","C0007113","Rectal Carcinoma","1/437","112/194515",0.222736414895986,0.288197116983738,0.186135694248152,"rs9637365",1
"C0424295","C0424295","Hyperactive behavior","1/437","112/194515",0.222736414895986,0.288197116983738,0.186135694248152,"rs1541665",1
"C1261430","C1261430","Fasting blood sugar result","1/437","113/194515",0.224483631691459,0.289353426400779,0.186882511073939,"rs12255372",1
"C0020179","C0020179","Huntington Disease","1/437","115/194515",0.227966318206953,0.292729476788474,0.189062975227457,"rs10015979",1
"C0021053","C0021053","Immune System Diseases","1/437","116/194515",0.229701805444317,0.29384495111556,0.189783418202256,"rs2298428",1
"C0155626","C0155626","Acute myocardial infarction","1/437","118/194515",0.233161111525084,0.297148935364674,0.191917337543401,"rs7041",1
"C0424621","C0424621","Body Fat Distribution","1/437","119/194515",0.234884947768768,0.29822470896484,0.192612139309694,"rs2820443",1
"C0029410","C0029410","Osteoarthritis of hip","1/437","121/194515",0.238321030017866,0.300337654929578,0.193976811753927,"rs2820443",1
"C0233514","C0233514","Abnormal behavior","1/437","121/194515",0.238321030017866,0.300337654929578,0.193976811753927,"rs736707",1
"C2699541","C2699541","Cytokine Measurement","1/437","123/194515",0.241741716197119,0.303520154780827,0.196032268884993,"rs17070309",1
"C0086543","C0086543","Cataract","1/437","124/194515",0.243446307281227,0.304532465565815,0.196686082402389,"rs524952",1
"C0149925","C0149925","Small cell carcinoma of lung","1/437","125/194515",0.245147075134256,0.305532567906297,0.197332010943983,"rs401681",1
"C0011334","C0011334","Dental caries","1/437","126/194515",0.246844028311715,0.306318157350861,0.19783939366241,"rs1884302",1
"C0022661","C0022661","Kidney Failure, Chronic","2/437","425/194515",0.247584587357333,0.306318157350861,0.19783939366241,"rs2229569/rs603424",2
"C1704436","C1704436","Peripheral Arterial Diseases","1/437","128/194515",0.2502265247665,0.308461061439431,0.199223414933711,"rs3825807",1
"C0010054","C0010054","Coronary Arteriosclerosis","2/437","440/194515",0.260003431055839,0.318541711993528,0.205734128534866,"rs5182/rs7041",2
"C0441683","C0441683","Hormone measurement","1/437","134/194515",0.260283345788222,0.318541711993528,0.205734128534866,"rs9497965",1
"C0036439","C0036439","Scoliosis, unspecified","1/437","135/194515",0.261946348745766,0.319423784981348,0.20630382635032,"rs10510181",1
"C0429087","C0429087","Electrocardiogram: P-R interval","1/437","138/194515",0.266913010006296,0.324313657319478,0.209462011248103,"rs4944092",1
"C0200641","C0200641","Blood basophil count (lab test)","2/437","452/194515",0.269943463637477,0.324821598781798,0.209790071562223,"rs7705526/rs6500550",2
"C0022658","C0022658","Kidney Diseases","1/437","140/194515",0.270205577747691,0.324821598781798,0.209790071562223,"rs3115573",1
"C1332977","C1332977","Childhood Leukemia","1/437","140/194515",0.270205577747691,0.324821598781798,0.209790071562223,"rs17433222",1
"C0337428","C0337428","Fibrinogen assay","1/437","143/194515",0.275116785365269,0.329556855967584,0.212848396339877,"rs11864453",1
"C0549473","C0549473","Thyroid carcinoma","1/437","145/194515",0.278372590540212,0.332282775327929,0.214608965279333,"rs6793295",1
"C0019829","C0019829","Hodgkin Disease","1/437","148/194515",0.283228962260242,0.336893397214814,0.217586792798265,"rs9268403",1
"C0007766","C0007766","Intracranial Aneurysm","1/437","150/194515",0.286448414403544,0.339531512177628,0.219290652174962,"rs2071307",1
"C0206161","C0206161","Reticulocyte count (procedure)","2/437","474/194515",0.288152935001262,0.340361829147832,0.219826922722401,"rs1128249/rs13389219",2
"C1287365","C1287365","Bilirubin level result","2/437","478/194515",0.291459236416874,0.343071809532362,0.221577197275986,"rs2269352/rs2117032",2
"C0008925","C0008925","Cleft Palate","1/437","158/194515",0.299182590973594,0.350944284913662,0.226661733463878,"rs742071",1
"C0011265","C0011265","Presenile dementia","1/437","159/194515",0.300758336677349,0.351576124598694,0.227069814986891,"rs334558",1
"C0003469","C0003469","Anxiety Disorders","1/437","163/194515",0.307026049721314,0.357669521840294,0.231005311419907,"rs1870377",1
"C0027092","C0027092","Myopia","1/437","167/194515",0.313237708988564,0.363656107353162,0.234871822168786,"rs524952",1
"C1269955","C1269955","Tumor Cell Invasion","1/437","169/194515",0.316322674931538,0.365984255296216,0.236375485488629,"rs1870377",1
"C0041327","C0041327","Tuberculosis, Pulmonary","1/437","171/194515",0.31939381464299,0.368280623006713,0.23785862314981,"rs3804099",1
"C0039585","C0039585","Androgen-Insensitivity Syndrome","1/437","176/194515",0.327011579207153,0.373255640913216,0.241071800372454,"rs10510181",1
"C0497327","C0497327","Dementia","1/437","176/194515",0.327011579207153,0.373255640913216,0.241071800372454,"rs334558",1
"C2607914","C2607914","Allergic rhinitis (disorder)","1/437","176/194515",0.327011579207153,0.373255640913216,0.241071800372454,"rs3804099",1
"C0029456","C0029456","Osteoporosis","1/437","182/194515",0.336040688151223,0.382274474104915,0.246896726017148,"rs7041",1
"C0455829","C0455829","Waist Circumference","1/437","183/194515",0.337533745013815,0.382688761069174,0.247164298408285,"rs7531118",1
"C0023890","C0023890","Liver Cirrhosis","1/437","189/194515",0.346422002304783,0.391456862604405,0.252827285892614,"rs3129859",1
"C2316810","C2316810","Chronic kidney disease stage 5","1/437","194/194515",0.353737925263272,0.398395869316443,0.257308929724639,"rs2229569",1
"C0026691","C0026691","Mucocutaneous Lymph Node Syndrome","1/437","195/194515",0.355191275784626,0.398708087718504,0.257510579864769,"rs113420705",1
"C0024305","C0024305","Lymphoma, Non-Hodgkin","1/437","197/194515",0.358088201384883,0.400633334222691,0.258754024276726,"rs401681",1
"C1142166","C1142166","Brugada Syndrome (disorder)","1/437","201/194515",0.363843154641244,0.405732991524282,0.262047701403666,"rs6599240",1
"C0006118","C0006118","Brain Neoplasms","1/437","204/194515",0.368125561908593,0.409162509793485,0.264262698453796,"rs2234922",1
"C0011884","C0011884","Diabetic Retinopathy","1/437","213/194515",0.380800979630056,0.421867751943101,0.2724685371966,"rs6427247",1
"C0200695","C0200695","Fetal hemoglobin determination","1/437","220/194515",0.390483979950114,0.43118589316967,0.278486774660119,"rs11035064",1
"C0278701","C0278701","Gastric Adenocarcinoma","1/437","235/194515",0.41072753915113,0.452058154280329,0.29196738422701,"rs2294008",1
"C0017612","C0017612","Glaucoma, Open-Angle","1/437","236/194515",0.41205300788384,0.452058154280329,0.29196738422701,"rs1052990",1
"C0011881","C0011881","Diabetic Nephropathy","1/437","238/194515",0.414695028177872,0.453489079200964,0.29289156489303,"rs2229569",1
"C1449563","C1449563","Cardiomyopathy, Familial Idiopathic","1/437","243/194515",0.421248371855606,0.459174270286335,0.296563416300443,"rs9268494",1
"C0151779","C0151779","Cutaneous Melanoma","1/437","248/194515",0.427728507310384,0.464743474289168,0.300160356007287,"rs380286",1
"C0023452","C0023452","Childhood Acute Lymphoblastic Leukemia","1/437","261/194515",0.444240074351936,0.481141805767752,0.310751422448975,"rs2234922",1
"C0017921","C0017921","Glycogen storage disease type II","1/437","269/194515",0.454163894062811,0.490323439768449,0.316681495022007,"rs2511989",1
"C0699790","C0699790","Colon Carcinoma","1/437","275/194515",0.461490558052439,0.496651743427863,0.320768708688078,"rs3804099",1
"C0346647","C0346647","Malignant neoplasm of pancreas","1/437","277/194515",0.463910909268104,0.497676576714833,0.321430610019206,"rs401681",1
"C0008924","C0008924","Cleft upper lip","1/437","282/194515",0.469914409063053,0.502526765527996,0.324563164818579,"rs742071",1
"C0003467","C0003467","Anxiety","1/437","287/194515",0.475850829604243,0.505353794133447,0.326389036422161,"rs1870377",1
"C0036421","C0036421","Systemic Scleroderma","1/437","287/194515",0.475850829604243,0.505353794133447,0.326389036422161,"rs6793295",1
"C0007134","C0007134","Renal Cell Carcinoma","1/437","288/194515",0.477030130155466,0.505353794133447,0.326389036422161,"rs13376700",1
"C0200637","C0200637","Monocyte count procedure","1/437","296/194515",0.486369728526384,0.512047633448585,0.330712335840105,"rs7578982",1
"C0750880","C0750880","Monocyte count result","1/437","296/194515",0.486369728526384,0.512047633448585,0.330712335840105,"rs7578982",1
"C0525045","C0525045","Mood Disorders","1/437","308/194515",0.500068017355177,0.524839188493513,0.3389739208404,"rs334558",1
"C0018498","C0018498","Hair Color","1/437","312/194515",0.504552627344595,0.527911545277216,0.340958240700701,"rs17248377",1
"C0027627","C0027627","Neoplasm Metastasis","1/437","327/194515",0.521015353242156,0.543459091535664,0.350999816921031,"rs1870377",1
"C1510586","C1510586","Autism Spectrum Disorders","1/437","331/194515",0.525312475393499,0.546260518890786,0.352809153638514,"rs736707",1
"C1384666","C1384666","hearing impairment","1/437","337/194515",0.531686147191791,0.551197565437361,0.355997806585844,"rs2839580",1
"C0014544","C0014544","Epilepsy","1/437","339/194515",0.533791672969534,0.551693222977659,0.356317933176069,"rs2234922",1
"C0428886","C0428886","Mean blood pressure","1/437","344/194515",0.539014258744807,0.55539767086471,0.358710496941033,"rs62524579",1
"C0019196","C0019196","Hepatitis C","1/437","347/194515",0.542119749648559,0.556277766830271,0.359278917872058,"rs7041",1
"C0338656","C0338656","Impaired cognition","1/437","348/194515",0.543150267908022,0.556277766830271,0.359278917872058,"rs1108580",1
"C0017638","C0017638","Glioma","1/437","353/194515",0.548268252443766,0.559828125236255,0.361571961028229,"rs1870377",1
"C0002170","C0002170","Alopecia","1/437","375/194515",0.570116310794114,0.580388676754368,0.374851249075946,"rs11701104",1
"C0008074","C0008074","Child Development Disorders, Pervasive","1/437","379/194515",0.573973883102167,0.5825663065019,0.376257698346205,"rs2007044",1
"C0004352","C0004352","Autistic Disorder","1/437","395/194515",0.589061868577944,0.596095443128128,0.384995659589041,"rs736707",1
"C0004364","C0004364","Autoimmune Diseases","1/437","428/194515",0.618517991691536,0.62404047376021,0.403044305362906,"rs2298428",1
"C0200635","C0200635","Lymphocyte Count measurement","1/437","456/194515",0.641852712066418,0.644560579888463,0.416297471252291,"rs17762452",1
"C0032181","C0032181","Platelet Count measurement","1/437","457/194515",0.642659221245724,0.644560579888463,0.416297471252291,"rs8006385",1
"C0002736","C0002736","Amyotrophic Lateral Sclerosis","1/437","485/194515",0.664520424639421,0.664520424639421,0.429188785359415,"rs9357140",1
