chr,var,allele,freq.rsvars,freq.spvars,allele_freq_diff_rssp
1,rs819906,T,41.6431,58.3333,16.69
2,rs10192193,T,52.5223,67.5,14.98
3,rs1802837,T,55.8065,72.3214,16.51
4,rs11727442,G,86.1017,68.4874,17.61
5,rs905836,T,44.3366,60.8911,16.55
6,rs9460868,T,48.7342,33.0049,15.73
7,rs6462523,G,83.7037,67.0051,16.7
8,rs1514194,G,60.3825,75.431,15.05
9,rs10867213,T,40.7186,55.3991,14.68
10,rs7094179,C,61.8012,45.6522,16.15
11,rs10500769,G,45.4268,30.0847,15.34
12,rs10862974,T,52.8571,38.326,14.53
13,rs34608978,G,47.4926,62.6214,15.13
14,rs11159518,G,34.104,20.6751,13.43
14,rs11159851,C,45.3757,31.9444,13.43
15,rs11638659,T,33.9623,60,26.04
16,rs12444804,C,77.7778,61.1872,16.59
17,rs9913890,T,53.4591,37.1179,16.34
18,rs1850662,T,25.6716,38.961,13.29
19,rs709679,T,44.6945,58.5153,13.82
20,rs731671,G,46.7066,60.0823,13.38
21,rs170183,G,66.8588,52.3622,14.5
22,rs5765242,G,49.827,33.945,15.88
